Asset,Quantity,Average Purchase Price,Previous Close,Exchange,Ticker,Broker,Asset Type,Instrument,LTP,Today Gain,Total Gain,Current Investment
AARTI INDUSTRIES LTD,2300.0,505.2065217391304,391.15,NSE,AARTIIND,Galaxy-5Paisa,Stocks & ETFs,NSE:AARTIIND,392.4,2875.0,-259454.99999999994,902520.0
COAL INDIA LIMITED,2000.0,230.49,397.65,NSE,COALINDIA,Galaxy-5Paisa,Stocks & ETFs,NSE:COALINDIA,396.2,-2899.9999999999773,331419.99999999994,792400.0
ICICI LOMBARD GEN INSURANCE CO,700.0,1068.95,1791.9,NSE,ICICIGI,Galaxy-5Paisa,Stocks & ETFs,NSE:ICICIGI,1823.45,22084.999999999967,528150.0,1276415.0
LAURUS LABS LIMITED,2172.0,315.62720994475137,598.9,NSE,LAURUSLABS,Galaxy-5Paisa,Stocks & ETFs,NSE:LAURUSLABS,608.15,20091.0,635359.5,1320901.8
MAHARASHTRA SCOOTERS LTD,100.0,4150.0,10686.2,NSE,MAHSCOOTER,Galaxy-5Paisa,Stocks & ETFs,NSE:MAHSCOOTER,10949.75,26354.999999999927,679975.0,1094975.0
NESCO LIMITED,900.0,620.05,936.35,NSE,NESCO,Galaxy-5Paisa,Stocks & ETFs,NSE:NESCO,937.35,900.0,285570.00000000006,843615.0
PIRAMAL ENTERPRISES LIMITED,3755.0,686.5510918774967,989.05,NSE,PEL,Galaxy-5Paisa,Stocks & ETFs,NSE:PEL,994.05,18775.0,1154658.4,3732657.75
STYRENIX PERFOM. MATERIALS LTD,1100.0,1141.9077272727272,2648.75,NSE,STYRENIX,Galaxy-5Paisa,Stocks & ETFs,NSE:STYRENIX,2688.9,44165.0000000001,1701691.5000000002,2957790.0
SUN PHARMACEUTICAL INDUSTRIES,500.0,1149.72,1698.35,NSE,SUNPHARMA,Galaxy-5Paisa,Stocks & ETFs,NSE:SUNPHARMA,1708.6,5125.0,279439.99999999994,854300.0
TATA POWER CO LTD,2000.0,203.0125,374.75,NSE,TATAPOWER,Galaxy-5Paisa,Stocks & ETFs,NSE:TATAPOWER,376.5,3500.0,346975.0,753000.0
WONDERLA HOLIDAYS LTD,1500.0,415.5566666666667,659.4,NSE,WONDERLA,Galaxy-5Paisa,Stocks & ETFs,NSE:WONDERLA,661.9,3750.0,369514.99999999994,992850.0
AEGIS LOGISTICS LTD,3.0,756.25,781.8,NSE,AEGISLOG,Galaxy-Zerodha,Stocks & ETFs,NSE:AEGISLOG,813.3,94.5,171.14999999999986,2439.8999999999996
ALIVUS LIFE SCIENCES LIMITED,2.0,1291.91,1033.8,NSE,ALIVUS,Galaxy-Zerodha,Stocks & ETFs,NSE:ALIVUS,1028.0,-11.599999999999909,-527.8200000000002,2056.0
AMBER ENTERPRISES INDIA LTD,100.0,6751.4476,6879.55,NSE,AMBER,Galaxy-Zerodha,Stocks & ETFs,NSE:AMBER,6948.0,6844.999999999982,19655.239999999958,694800.0
ANANT RAJ LIMITED,292.0,745.31,477.35,NSE,ANANTRAJ,Galaxy-Zerodha,Stocks & ETFs,NSE:ANANTRAJ,491.85,4234.0,-74010.31999999998,143620.2
ASTER DM HEALTHCARE LTD,515.0,492.02,479.55,NSE,ASTERDM,Galaxy-Zerodha,Stocks & ETFs,NSE:ASTERDM,474.25,-2729.500000000006,-9151.54999999999,244238.75
BSE LIMITED,81.0,5707.043086419753,5466.0,NSE,BSE,Galaxy-Zerodha,Stocks & ETFs,NSE:BSE,5539.5,5953.5,-13570.990000000018,448699.5
BAJAJ FINANCE LIMITED,47.0,8782.121276595744,8698.2,NSE,BAJFINANCE,Galaxy-Zerodha,Stocks & ETFs,NSE:BAJFINANCE,8686.6,-545.2000000000171,-4489.499999999967,408270.2
BAJAJ HOLDINGS & INVESTMENT LI,14.0,12069.78,11911.45,NSE,BAJAJHLDNG,Galaxy-Zerodha,Stocks & ETFs,NSE:BAJAJHLDNG,11605.0,-4290.30000000001,-6506.920000000009,162470.0
BHARAT DYNAMICS LIMITED,179.0,1355.92,1245.15,NSE,BDL,Galaxy-Zerodha,Stocks & ETFs,NSE:BDL,1261.4,2908.75,-16919.079999999998,225790.6
BHARAT PETROLEUM CORPN LTD,24.0,0.0,284.6,NSE,BPCL,Galaxy-Zerodha,Stocks & ETFs,NSE:BPCL,282.55,-49.20000000000027,6781.200000000001,6781.200000000001
BHARTI HEXACOM LIMITED,133.0,1264.32,1470.3,NSE,BHARTIHEXA,Galaxy-Zerodha,Stocks & ETFs,NSE:BHARTIHEXA,1467.3,-399.0,26996.340000000004,195150.9
BLUE STAR LTD,89.0,1882.29,2085.35,NSE,BLUESTARCO,Galaxy-Zerodha,Stocks & ETFs,NSE:BLUESTARCO,2111.95,2367.399999999992,20439.739999999987,187963.55
CRISIL LIMITED,44.0,5809.88,4177.45,NSE,CRISIL,Galaxy-Zerodha,Stocks & ETFs,NSE:CRISIL,4180.25,123.200000000008,-71703.72,183931.0
CAPLIN POINT LABORATORIES LTD,112.0,2261.33,1977.7,NSE,CAPLIPOINT,Galaxy-Zerodha,Stocks & ETFs,NSE:CAPLIPOINT,1965.65,-1349.599999999995,-33116.15999999998,220152.80000000002
CENTRAL DEPOSITORY SER IND LTD,157.0,1612.4,1197.8,NSE,CDSL,Galaxy-Zerodha,Stocks & ETFs,NSE:CDSL,1218.85,3304.849999999993,-61787.35000000003,191359.44999999998
COFORGE LIMITED,58.0,8926.37724137931,7780.8,NSE,COFORGE,Galaxy-Zerodha,Stocks & ETFs,NSE:COFORGE,7702.6,-4535.599999999989,-70979.07999999999,446750.80000000005
CONCORD BIOTECH LIMITED,111.0,2290.0,1662.9,NSE,CONCORDBIO,Galaxy-Zerodha,Stocks & ETFs,NSE:CONCORDBIO,1667.1,466.1999999999798,-69141.90000000001,185048.09999999998
DOMS INDUSTRIES LIMITED,84.0,2918.354523809524,2742.15,NSE,DOMS,Galaxy-Zerodha,Stocks & ETFs,NSE:DOMS,2812.15,5880.0,-8921.180000000002,236220.6
DEEPAK FERTILIZERS &PETROCHEMI,218.0,1058.96,1101.95,NSE,DEEPAKFERT,Galaxy-Zerodha,Stocks & ETFs,NSE:DEEPAKFERT,1131.2,6376.5,15748.320000000002,246601.6
DIVIS LABORATORIES LIMITED,72.0,5832.554722222222,5549.7,NSE,DIVISLAB,Galaxy-Zerodha,Stocks & ETFs,NSE:DIVISLAB,5590.9,2966.399999999987,-17399.14000000002,402544.8
DIXON TECHNOLOGIES INDIA LTD,15.0,12833.9,12923.9,NSE,DIXON,Galaxy-Zerodha,Stocks & ETFs,NSE:DIXON,13073.1,2238.000000000011,3588.000000000011,196096.5
FIRSTSOURCE SOLUTIONS LTD,1145.0,379.56601746724886,334.2,NSE,FSL,Galaxy-Zerodha,Stocks & ETFs,NSE:FSL,335.25,1202.250000000013,-50741.83999999994,383861.25
FORTIS HEALTHCARE LIMITED,664.0,634.7978313253012,688.65,NSE,FORTIS,Galaxy-Zerodha,Stocks & ETFs,NSE:FORTIS,657.7,-20550.799999999956,15207.040000000023,436712.80000000005
GENERAL INSURANCE CORP INDIA,554.0,439.26,414.35,NSE,GICRE,Galaxy-Zerodha,Stocks & ETFs,NSE:GICRE,412.2,-1191.100000000019,-14991.240000000002,228358.8
GLOBAL HEALTH LIMITED,331.0,1243.6997885196374,1231.1,NSE,MEDANTA,Galaxy-Zerodha,Stocks & ETFs,NSE:MEDANTA,1252.5,7083.400000000031,2912.870000000013,414577.5
GODREJ INDUSTRIES LIMITED,151.0,1114.35,1090.95,NSE,GODREJIND,Galaxy-Zerodha,Stocks & ETFs,NSE:GODREJIND,1114.65,3578.700000000007,45.30000000002747,168312.15000000002
GUJARAT FLUOROCHEMICALS LTD,46.0,3639.3,4020.0,NSE,FLUOROCHEM,Galaxy-Zerodha,Stocks & ETFs,NSE:FLUOROCHEM,3970.0,-2300.0,15212.199999999992,182620.0
INDIAN HOTELS CO LTD,825.0,804.858581818182,805.75,NSE,INDHOTEL,Galaxy-Zerodha,Stocks & ETFs,NSE:INDHOTEL,827.95,18315.000000000036,19050.419999999922,683058.75
IPCA LABORATORIES LTD,161.0,1576.49,1390.85,NSE,IPCALAB,Galaxy-Zerodha,Stocks & ETFs,NSE:IPCALAB,1416.9,4194.050000000029,-25693.989999999987,228120.90000000002
JM FINANCIAL LIMITED,3.0,140.93,96.36,NSE,JMFINANCIL,Galaxy-Zerodha,Stocks & ETFs,NSE:JMFINANCIL,95.82,-1.6200000000000188,-135.33000000000004,287.46
JUBILANT INGREVIA LIMITED,355.0,714.9,651.7,NSE,JUBLINGREA,Galaxy-Zerodha,Stocks & ETFs,NSE:JUBLINGREA,652.25,195.24999999998386,-22240.749999999993,231548.75
JUBILANT PHARMOVA LIMITED,269.0,1200.5176951672863,917.0,NSE,JUBLPHARMA,Galaxy-Zerodha,Stocks & ETFs,NSE:JUBLPHARMA,909.85,-1923.349999999994,-78189.61000000002,244749.65
KFIN TECHNOLOGIES LIMITED,209.0,1256.21,1032.05,NSE,KFINTECH,Galaxy-Zerodha,Stocks & ETFs,NSE:KFINTECH,1046.35,2988.6999999999907,-43860.74000000003,218687.15
KAYNES TECHNOLOGY IND LIMITED,38.0,6708.0,4795.1,NSE,KAYNES,Galaxy-Zerodha,Stocks & ETFs,NSE:KAYNES,4805.0,376.1999999999862,-72314.0,182590.0
LAURUS LABS LIMITED,706.0,582.2595184135978,598.9,NSE,LAURUSLABS,Galaxy-Zerodha,Stocks & ETFs,NSE:LAURUSLABS,608.1,6495.200000000032,18243.379999999976,429318.60000000003
LLOYDS METALS AND ENERGY LIMIT,508.0,1235.7461417322836,1276.85,NSE,LLOYDSME,Galaxy-Zerodha,Stocks & ETFs,NSE:LLOYDSME,1346.9,35585.400000000096,56466.159999999974,684225.2000000001
MAX HEALTHCARE INSTITUTE LTD,379.0,1086.571240105541,1083.6,NSE,MAXHEALTH,Galaxy-Zerodha,Stocks & ETFs,NSE:MAXHEALTH,1091.4,2956.200000000069,1830.1000000000192,413640.60000000003
MAZAGON DOCK SHIPBUILDERS LTD,91.0,2670.0,2578.55,NSE,MAZDOCK,Galaxy-Zerodha,Stocks & ETFs,NSE:MAZDOCK,2588.45,900.8999999999669,-7421.050000000017,235548.94999999998
MOTILAL OSWAL FINANCIAL SERVIC,291.0,876.8305154639175,602.35,NSE,MOTILALOFS,Galaxy-Zerodha,Stocks & ETFs,NSE:MOTILALOFS,612.25,2880.8999999999933,-76992.93000000001,178164.75
MULTI COMMODITY EXCHANGE,72.0,6304.725,5227.9,NSE,MCX,Galaxy-Zerodha,Stocks & ETFs,NSE:MCX,5405.1,12758.400000000052,-64773.0,389167.2
MUTHOOT FINANCE LIMITED,181.0,2274.112541436464,2338.8,NSE,MUTHOOTFIN,Galaxy-Zerodha,Stocks & ETFs,NSE:MUTHOOTFIN,2311.4,-4959.400000000016,6749.029999999997,418363.4
NAVIN FLUORINE INTERNATIONAL L,100.0,4111.093400000001,4198.25,NSE,NAVINFLUOR,Galaxy-Zerodha,Stocks & ETFs,NSE:NAVINFLUOR,4196.95,-130.0000000000182,8585.659999999916,419695.0
NEWGEN SOFTWARE TECHNOLOGIES,155.0,1406.82,992.0,NSE,NEWGEN,Galaxy-Zerodha,Stocks & ETFs,NSE:NEWGEN,981.8,-1581.000000000007,-65878.09999999999,152179.0
ONE 97 COMMUNICATIONS PAYTM,848.0,778.0217452830188,801.1,NSE,PAYTM,Galaxy-Zerodha,Stocks & ETFs,NSE:PAYTM,811.7,8988.80000000002,28559.160000000058,688321.6000000001
PCBL CHEMICAL LIMITED,1.0,479.2,423.9,NSE,PCBL,Galaxy-Zerodha,Stocks & ETFs,NSE:PCBL,434.5,10.600000000000023,-44.69999999999999,434.5
PERSISTENT SYSTEMS LIMITED,30.0,6410.15,5211.55,NSE,PERSISTENT,Galaxy-Zerodha,Stocks & ETFs,NSE:PERSISTENT,5279.0,2023.4999999999945,-33934.499999999985,158370.0
PIRAMAL PHARMA LTD,1101.0,260.7993188010899,225.53,NSE,PPLPHARMA,Galaxy-Zerodha,Stocks & ETFs,NSE:PPLPHARMA,227.98,2697.4499999999875,-36134.069999999985,251005.97999999998
POWER FINANCE CORPORATION LTD,259.0,373.33,404.7,NSE,PFC,Galaxy-Zerodha,Stocks & ETFs,NSE:PFC,410.4,1476.299999999997,9601.129999999997,106293.59999999999
RADICO KHAITAN LTD,198.0,2134.850404040404,2327.25,NSE,RADICO,Galaxy-Zerodha,Stocks & ETFs,NSE:RADICO,2345.5,3613.5,41708.61999999999,464409.0
REDINGTON LIMITED,1657.0,248.13035606517803,229.71,NSE,REDINGTON,Galaxy-Zerodha,Stocks & ETFs,NSE:REDINGTON,230.94,2038.109999999983,-28484.420000000006,382667.58
SBI CARDS AND PAYMENT SERV LTD,202.0,833.46,862.1,NSE,SBICARD,Galaxy-Zerodha,Stocks & ETFs,NSE:SBICARD,862.55,90.89999999998622,5876.179999999984,174235.09999999998
SANGHVI MOVERS LIMITED,400.0,517.0,254.74,NSE,SANGHVIMOV,Galaxy-Zerodha,Stocks & ETFs,NSE:SANGHVIMOV,253.9,-336.00000000000136,-105240.00000000001,101560.0
SHREE CEMENTS LTD,14.0,28955.99,30246.4,NSE,SHREECEM,Galaxy-Zerodha,Stocks & ETFs,NSE:SHREECEM,30189.6,-795.2000000000407,17270.539999999957,422654.39999999997
SUMITOMO CHEMICAL INDIA LTD,2.0,579.73,552.75,NSE,SUMICHEM,Galaxy-Zerodha,Stocks & ETFs,NSE:SUMICHEM,559.15,12.799999999999955,-41.16000000000008,1118.3
SUVEN PHARMACEUTICALS LIMITED,140.0,1249.811357142857,1074.05,NSE,SUVENPHAR,Galaxy-Zerodha,Stocks & ETFs,NSE:SUVENPHAR,1107.8,4725.0,-19881.59,155092.0
UPL LIMITED,628.0,654.3189808917198,634.75,NSE,UPL,Galaxy-Zerodha,Stocks & ETFs,NSE:UPL,645.2,6562.600000000029,-5726.71999999999,405185.60000000003
VIJAYA DIAGNOSTIC CENTRE LTD,445.0,1115.3976179775282,973.3,NSE,VIJAYA,Galaxy-Zerodha,Stocks & ETFs,NSE:VIJAYA,964.8,-3782.5,-67015.94000000006,429336.0
WELSPUN CORP LIMITED,280.0,867.5,848.2,NSE,WELCORP,Galaxy-Zerodha,Stocks & ETFs,NSE:WELCORP,852.25,1133.9999999999873,-4270.0,238630.0
WIPRO LTD,565.0,297.5,262.6,NSE,WIPRO,Galaxy-Zerodha,Stocks & ETFs,NSE:WIPRO,263.65,593.2499999999743,-19125.250000000015,148962.25
ECLERX SERVICES LIMITED,136.0,3114.951323529412,2737.6,NSE,ECLERX,Galaxy-Zerodha,Stocks & ETFs,NSE:ECLERX,2735.65,-265.19999999997526,-51584.98000000003,372048.4
ASTRAZENECA PHARMA INDIA LTD,29.0,8520.0,8492.65,NSE,ASTRAZEN,Galaxy-Zerodha,Stocks & ETFs,NSE:ASTRAZEN,8369.45,-3572.7999999999683,-4365.949999999979,242714.05000000002
CHAMBAL FERTILISERS & CHEMICAL,392.0,619.62,621.4,NSE,CHAMBLFERT,Galaxy-Zerodha,Stocks & ETFs,NSE:CHAMBLFERT,626.6,2038.4000000000178,2736.160000000007,245627.2
COROMANDEL INTERNATIONAL LIMIT,122.0,1999.07,2049.05,NSE,COROMANDEL,Galaxy-Zerodha,Stocks & ETFs,NSE:COROMANDEL,2037.1,-1457.9000000000333,4639.659999999996,248526.19999999998
MAHARASHTRA SEAMLESS LTD,340.0,714.21,735.1,NSE,MAHSEAMLES,Galaxy-Zerodha,Stocks & ETFs,NSE:MAHSEAMLES,721.05,-4777.000000000024,2325.599999999972,245156.99999999997
MANAPPURAM FINANCE LIMITED,1013.0,239.8,232.13,NSE,MANAPPURAM,Galaxy-Zerodha,Stocks & ETFs,NSE:MANAPPURAM,235.0,2907.3100000000045,-4862.4000000000115,238055.0
NARAYANA HRUDAYALAYA LIMITED,143.0,1694.61,1676.8,NSE,NH,Galaxy-Zerodha,Stocks & ETFs,NSE:NH,1678.8,286.0,-2260.829999999992,240068.4
SRF LIMITED,81.0,2996.4,2879.5,NSE,SRF,Galaxy-Zerodha,Stocks & ETFs,NSE:SRF,2906.2,2162.6999999999853,-7306.200000000023,235402.19999999998
AVANTI FEEDS LTD,258.0,940.88,873.8,NSE,AVANTIFEED,Galaxy-Zerodha,Stocks & ETFs,NSE:AVANTIFEED,895.45,5585.7000000000235,-11720.939999999988,231026.1
KRISHNA INSTITUTE OF MED SCI,380.0,639.74,618.2,NSE,KIMS,Galaxy-Zerodha,Stocks & ETFs,NSE:KIMS,618.9,265.9999999999741,-7919.200000000012,235182.0
GODFREY PHILLIPS INDIA LIMITED,16.0,5839.21,7107.65,NSE,GODFRYPHLP,Neptune-Zerodha,Stocks & ETFs,NSE:GODFRYPHLP,6915.9,-3068.0,17227.039999999994,110654.4
COROMANDEL INTERNATIONAL LIMIT,27.0,1884.12,2049.05,NSE,COROMANDEL,Neptune-Zerodha,Stocks & ETFs,NSE:COROMANDEL,2037.1,-322.65000000000737,4130.460000000001,55001.7
DEEPAK FERTILIZERS &PETROCHEMI,45.0,1112.51,1101.95,NSE,DEEPAKFERT,Neptune-Zerodha,Stocks & ETFs,NSE:DEEPAKFERT,1131.2,1316.25,841.0500000000025,50904.0
MAHARASHTRA SEAMLESS LTD,71.0,704.65,735.1,NSE,MAHSEAMLES,Neptune-Zerodha,Stocks & ETFs,NSE:MAHSEAMLES,721.05,-997.5500000000048,1164.3999999999983,51194.549999999996
3M INDIA LIMITED,2.0,36014.475,28231.6,NSE,3MINDIA,Neptune-Zerodha,Stocks & ETFs,NSE:3MINDIA,28486.4,509.6000000000058,-15056.149999999994,56972.8
AAVAS FINANCIERS LIMITED,27.0,1839.6900000000005,2086.05,NSE,AAVAS,Neptune-Zerodha,Stocks & ETFs,NSE:AAVAS,2121.7,962.5499999999902,7614.269999999981,57285.899999999994
ABBOTT INDIA LIMITED,2.0,30419.53,30318.0,NSE,ABBOTINDIA,Neptune-Zerodha,Stocks & ETFs,NSE:ABBOTINDIA,29940.0,-756.0,-959.0599999999977,59880.0
ADANI ENERGY SOLUTIONS LIMITED,48.0,1063.0,866.35,NSE,ADANIENSOL,Neptune-Zerodha,Stocks & ETFs,NSE:ADANIENSOL,855.0,-544.8000000000011,-9984.0,41040.0
ADANI WILMAR LIMITED FORTUNE,129.0,362.34,265.5,NSE,AWL,Neptune-Zerodha,Stocks & ETFs,NSE:AWL,264.0,-193.5,-12685.859999999997,34056.0
ADITYA BIRLA REAL ESTATE LTD,28.0,1083.35,1970.15,NSE,ABREL,Neptune-Zerodha,Stocks & ETFs,NSE:ABREL,1968.8,-37.80000000000382,24792.600000000002,55126.4
AEGIS LOGISTICS LTD,133.0,781.4075939849624,781.8,NSE,AEGISLOG,Neptune-Zerodha,Stocks & ETFs,NSE:AEGISLOG,812.2,4043.200000000012,4095.3900000000026,108022.6
AETHER INDUSTRIES LIMITED,57.0,883.0,824.75,NSE,AETHER,Neptune-Zerodha,Stocks & ETFs,NSE:AETHER,827.7,168.1500000000026,-3152.0999999999976,47178.9
ALEMBIC PHARMACEUTICALS LIMITE,45.0,1074.22,896.85,NSE,APLLTD,Neptune-Zerodha,Stocks & ETFs,NSE:APLLTD,887.25,-432.000000000001,-8413.650000000001,39926.25
ALIVUS LIFE SCIENCES LIMITED,63.0,795.4,1033.8,NSE,ALIVUS,Neptune-Zerodha,Stocks & ETFs,NSE:ALIVUS,1028.0,-365.39999999999714,14653.800000000001,64764.0
ALOK INDUSTRIES LIMITED,1808.0,26.73,15.55,NSE,ALOKINDS,Neptune-Zerodha,Stocks & ETFs,NSE:ALOKINDS,15.49,-108.4800000000009,-20321.920000000002,28005.920000000002
AMBER ENTERPRISES INDIA LTD,16.0,2815.95,6879.55,NSE,AMBER,Neptune-Zerodha,Stocks & ETFs,NSE:AMBER,6950.0,1127.199999999997,66144.8,111200.0
ANANT RAJ LIMITED,71.0,707.27,477.35,NSE,ANANTRAJ,Neptune-Zerodha,Stocks & ETFs,NSE:ANANTRAJ,492.1,1047.25,-15277.069999999998,34939.1
ANGEL ONE LIMITED,16.0,3191.66,2317.95,NSE,ANGELONE,Neptune-Zerodha,Stocks & ETFs,NSE:ANGELONE,2350.35,518.4000000000015,-13460.96,37605.6
APTUS VALUE HOUSING FIN IND,143.0,374.0476223776224,299.4,NSE,APTUS,Neptune-Zerodha,Stocks & ETFs,NSE:APTUS,299.05,-50.04999999999512,-10724.660000000003,42764.15
ASHOK LEYLAND LTD,209.0,237.76,209.06,NSE,ASHOKLEY,Neptune-Zerodha,Stocks & ETFs,NSE:ASHOKLEY,208.75,-64.79000000000048,-6063.089999999998,43628.75
ASTER DM HEALTHCARE LTD,229.0,436.92183406113537,479.55,NSE,ASTERDM,Neptune-Zerodha,Stocks & ETFs,NSE:ASTERDM,474.7,-1110.650000000005,8651.199999999997,108706.3
BEML LIMITED,13.0,4230.166153846154,3169.9,NSE,BEML,Neptune-Zerodha,Stocks & ETFs,NSE:BEML,3131.4,-500.5,-14283.960000000001,40708.200000000004
BLS INTERNATIONAL SERVICES LTD,133.0,404.318045112782,392.4,NSE,BLS,Neptune-Zerodha,Stocks & ETFs,NSE:BLS,396.35,525.350000000006,-1059.7500000000014,52714.55
BSE LIMITED,19.0,2670.99,5466.0,NSE,BSE,Neptune-Zerodha,Stocks & ETFs,NSE:BSE,5537.8,1364.2000000000035,54469.39000000001,105218.2
BAJAJ HOLDINGS & INVESTMENT LI,7.0,7146.6,11911.45,NSE,BAJAJHLDNG,Neptune-Zerodha,Stocks & ETFs,NSE:BAJAJHLDNG,11605.05,-2144.80000000001,31209.149999999994,81235.34999999999
BANK OF BARODA,201.0,252.23,228.58,NSE,BANKBARODA,Neptune-Zerodha,Stocks & ETFs,NSE:BANKBARODA,230.59,404.0099999999982,-4349.639999999998,46348.590000000004
BHARAT DYNAMICS LIMITED,38.0,1313.5,1245.15,NSE,BDL,Neptune-Zerodha,Stocks & ETFs,NSE:BDL,1260.5,583.2999999999965,-2014.0,47899.0
BLUE STAR LTD,54.0,925.56,2085.35,NSE,BLUESTARCO,Neptune-Zerodha,Stocks & ETFs,NSE:BLUESTARCO,2112.0,1439.100000000005,64067.76,114048.0
CCL PRODUCTS INDIA LIMITED,75.0,703.6723999999999,562.45,NSE,CCL,Neptune-Zerodha,Stocks & ETFs,NSE:CCL,572.3,738.7499999999932,-9852.929999999998,42922.5
CESC LIMITED,562.0,88.35,152.98,NSE,CESC,Neptune-Zerodha,Stocks & ETFs,NSE:CESC,154.39,792.419999999998,37114.479999999996,86767.18
CG POWER AND IND SOLUTIONS LTD,127.0,393.5,615.0,NSE,CGPOWER,Neptune-Zerodha,Stocks & ETFs,NSE:CGPOWER,621.5,825.5,28956.0,78930.5
CSB BANK LIMITED,132.0,376.98,301.2,NSE,CSBBANK,Neptune-Zerodha,Stocks & ETFs,NSE:CSBBANK,310.7,1254.0,-8748.960000000005,41012.4
CAMPUS ACTIVEWEAR LIMITED,6.0,296.49,232.88,NSE,CAMPUS,Neptune-Zerodha,Stocks & ETFs,NSE:CAMPUS,233.49,3.660000000000082,-378.0,1400.94
CANARA BANK,420.0,119.15,90.0,NSE,CANBK,Neptune-Zerodha,Stocks & ETFs,NSE:CANBK,90.32,134.39999999999714,-12108.600000000006,37934.399999999994
CAPRI GLOBAL CAPITAL LIMITED,132.0,234.21,171.46,NSE,CGCL,Neptune-Zerodha,Stocks & ETFs,NSE:CGCL,171.8,44.88000000000045,-8238.119999999999,22677.600000000002
CASTROL INDIA LIMITED,426.0,221.51,206.86,NSE,CASTROLIND,Neptune-Zerodha,Stocks & ETFs,NSE:CASTROLIND,202.19,-1989.420000000007,-8230.319999999998,86132.94
CELLO WORLD LTD,56.0,895.14,546.0,NSE,CELLO,Neptune-Zerodha,Stocks & ETFs,NSE:CELLO,545.35,-36.39999999999873,-19588.239999999998,30539.600000000002
CENTRAL DEPOSITORY SER IND LTD,73.0,682.0520547945205,1197.8,NSE,CDSL,Neptune-Zerodha,Stocks & ETFs,NSE:CDSL,1218.55,1514.75,39164.350000000006,88954.15
CHOLAMANDALAM FIN HOLDINGS LTD,30.0,1689.03,1711.4,NSE,CHOLAHLDNG,Neptune-Zerodha,Stocks & ETFs,NSE:CHOLAHLDNG,1760.95,1486.4999999999986,2157.600000000002,52828.5
CLEAN SCIENCE AND TECHNOLOGY,34.0,1520.8482352941178,1217.9,NSE,CLEAN,Neptune-Zerodha,Stocks & ETFs,NSE:CLEAN,1205.1,-435.2000000000062,-10735.440000000008,40973.399999999994
COCHIN SHIPYARD LIMITED,100.0,513.9,1393.9,NSE,COCHINSHIP,Neptune-Zerodha,Stocks & ETFs,NSE:COCHINSHIP,1403.5,959.9999999999909,88960.0,140350.0
COMPUTER AGE MANAGEMENT SERV,20.0,2509.88,3671.25,NSE,CAMS,Neptune-Zerodha,Stocks & ETFs,NSE:CAMS,3690.0,375.0,23602.399999999998,73800.0
CRAFTSMAN AUTOMATION LIMITED,9.0,5380.19,4755.65,NSE,CRAFTSMAN,Neptune-Zerodha,Stocks & ETFs,NSE:CRAFTSMAN,4690.4,-587.25,-6208.11,42213.6
DCM SHRIRAM LIMITED,48.0,1048.09,1046.5,NSE,DCMSHRIRAM,Neptune-Zerodha,Stocks & ETFs,NSE:DCMSHRIRAM,1070.55,1154.3999999999978,1078.0800000000017,51386.399999999994
DOMS INDUSTRIES LIMITED,18.0,2767.93,2742.15,NSE,DOMS,Neptune-Zerodha,Stocks & ETFs,NSE:DOMS,2812.15,1260.0,795.9600000000046,50618.700000000004
DEVYANI INTERNATIONAL LIMITED,280.0,177.88,149.81,NSE,DEVYANI,Neptune-Zerodha,Stocks & ETFs,NSE:DEVYANI,150.41,167.9999999999984,-7691.599999999999,42114.799999999996
EIH LIMITED,117.0,407.17,366.45,NSE,EIHOTEL,Neptune-Zerodha,Stocks & ETFs,NSE:EIHOTEL,377.65,1310.3999999999987,-3453.8400000000047,44185.049999999996
EPL LIMITED,260.0,192.5,202.8,NSE,EPL,Neptune-Zerodha,Stocks & ETFs,NSE:EPL,197.65,-1339.0000000000014,1339.0000000000014,51389.0
ERIS LIFESCIENCES LIMITED,37.0,1368.55,1390.0,NSE,ERIS,Neptune-Zerodha,Stocks & ETFs,NSE:ERIS,1385.15,-179.44999999999663,614.200000000005,51250.55
EMBASSY DEVELOPMENTS LIMITED,632.0,78.75,113.97,NSE,EMBDL,Neptune-Zerodha,Stocks & ETFs,NSE:EMBDL,114.7,461.3600000000025,22720.4,72490.40000000001
EPIGRAL LIMITED,47.0,1062.19,1897.9,NSE,EPIGRAL,Neptune-Zerodha,Stocks & ETFs,NSE:EPIGRAL,1916.9,893.0,40171.37,90094.3
FDC LIMITED,135.0,370.97,401.85,NSE,FDC,Neptune-Zerodha,Stocks & ETFs,NSE:FDC,404.15,310.49999999999386,4479.299999999993,54560.25
FERTILIZERS AND CHEMICALS TRAV,56.0,975.7089285714284,645.2,NSE,FACT,Neptune-Zerodha,Stocks & ETFs,NSE:FACT,643.1,-117.60000000000127,-18626.099999999988,36013.6
FINOLEX CABLES LTD,3.0,1028.5,886.55,NSE,FINCABLES,Neptune-Zerodha,Stocks & ETFs,NSE:FINCABLES,889.85,9.900000000000205,-415.94999999999993,2669.55
FORTIS HEALTHCARE LIMITED,151.0,331.77,688.65,NSE,FORTIS,Neptune-Zerodha,Stocks & ETFs,NSE:FORTIS,657.55,-4696.100000000003,49192.78,99290.04999999999
G R INFRAPROJECTS LIMITED,39.0,1280.88,1048.95,NSE,GRINFRA,Neptune-Zerodha,Stocks & ETFs,NSE:GRINFRA,1055.0,235.94999999999823,-8809.320000000003,41145.0
GMM PFAUDLER LTD,35.0,1419.63,1037.2,NSE,GMMPFAUDLR,Neptune-Zerodha,Stocks & ETFs,NSE:GMMPFAUDLR,1042.05,169.74999999999682,-13215.300000000005,36471.75
GARWARE TECHNICAL FIBRES LTD,80.0,635.6659999999999,854.65,NSE,GARFIBRES,Neptune-Zerodha,Stocks & ETFs,NSE:GARFIBRES,883.8,2331.999999999998,19850.72,70704.0
GENERAL INSURANCE CORP INDIA,115.0,436.2099999999999,414.35,NSE,GICRE,Neptune-Zerodha,Stocks & ETFs,NSE:GICRE,412.5,-212.75000000000261,-2726.649999999991,47437.5
GLAND PHARMA LIMITED,26.0,1852.26,1553.55,NSE,GLAND,Neptune-Zerodha,Stocks & ETFs,NSE:GLAND,1540.75,-332.7999999999988,-8099.26,40059.5
GLAXOSMITHKLINE PHARMACEUTICAL,20.0,2496.32,2797.35,NSE,GLAXO,Neptune-Zerodha,Stocks & ETFs,NSE:GLAXO,2789.8,-150.99999999999454,5869.6,55796.0
GODREJ AGROVET LIMITED,65.0,769.83,751.65,NSE,GODREJAGRO,Neptune-Zerodha,Stocks & ETFs,NSE:GODREJAGRO,754.2,165.75000000000443,-1015.9499999999997,49023.0
GODREJ INDUSTRIES LIMITED,45.0,1107.43,1090.95,NSE,GODREJIND,Neptune-Zerodha,Stocks & ETFs,NSE:GODREJIND,1113.65,1021.500000000002,279.9000000000012,50114.25000000001
GREENPANEL INDUSTRIES LIMITED,145.0,346.86,232.07,NSE,GREENPANEL,Neptune-Zerodha,Stocks & ETFs,NSE:GREENPANEL,231.75,-46.39999999999901,-16690.95,33603.75
GRINDWELL NORTON LTD,1.0,2343.49,1705.7,NSE,GRINDWELL,Neptune-Zerodha,Stocks & ETFs,NSE:GRINDWELL,1685.1,-20.600000000000136,-658.3899999999999,1685.1
GUJARAT AMBUJA EXPORTS LIMITED,143.0,171.49,107.43,NSE,GAEL,Neptune-Zerodha,Stocks & ETFs,NSE:GAEL,106.7,-104.39000000000057,-9264.970000000001,15258.1
GUJARAT FLUOROCHEMICALS LTD,13.0,3978.78,4020.0,NSE,FLUOROCHEM,Neptune-Zerodha,Stocks & ETFs,NSE:FLUOROCHEM,3970.0,-650.0,-114.1400000000026,51610.0
GUJARAT STATE PETRONET LIMITED,853.0,351.8619109026964,294.05,NSE,GSPL,Neptune-Zerodha,Stocks & ETFs,NSE:GSPL,292.0,-1748.6500000000096,-51062.21000000005,249076.0
HBL ENGINEERING LIMITED,274.0,547.4985401459854,511.7,NSE,HBLENGINE,Neptune-Zerodha,Stocks & ETFs,NSE:HBLENGINE,514.0,630.2000000000031,-9178.600000000008,140836.0
HEG LIMITED,515.0,487.9648155339806,482.55,NSE,HEG,Neptune-Zerodha,Stocks & ETFs,NSE:HEG,484.2,849.7499999999883,-1938.8800000000065,249363.0
HFCL LIMITED,730.0,69.0,80.77,NSE,HFCL,Neptune-Zerodha,Stocks & ETFs,NSE:HFCL,81.01,175.20000000000664,8767.300000000003,59137.3
HIKAL LIMITED,160.0,312.14,401.2,NSE,HIKAL,Neptune-Zerodha,Stocks & ETFs,NSE:HIKAL,403.0,288.0000000000018,14537.600000000002,64480.0
HOME FIRST FINANCE COMPANY IND,48.0,1056.4414583333332,987.95,NSE,HOMEFIRST,Neptune-Zerodha,Stocks & ETFs,NSE:HOMEFIRST,989.1,55.19999999999891,-3232.389999999994,47476.8
IFB INDUSTRIES LIMITED,54.0,921.45,1294.15,NSE,IFBIND,Neptune-Zerodha,Stocks & ETFs,NSE:IFBIND,1268.4,-1390.5,18735.300000000003,68493.6
IFCI LIMITED,1577.0,62.7035003170577,44.22,NSE,IFCI,Neptune-Zerodha,Stocks & ETFs,NSE:IFCI,44.44,346.93999999999824,-28801.54,70081.87999999999
INDIA CEMENTS LTD,137.0,366.49,281.0,NSE,INDIACEM,Neptune-Zerodha,Stocks & ETFs,NSE:INDIACEM,279.0,-274.0,-11986.130000000001,38223.0
INDIAN RENEW. ENG.DEV. AGY LTD,234.0,225.8722222222222,160.67,NSE,IREDA,Neptune-Zerodha,Stocks & ETFs,NSE:IREDA,160.87,46.80000000000399,-15210.519999999995,37643.58
INDIGO PAINTS LIMITED,32.0,1541.54,971.15,NSE,INDIGOPNTS,Neptune-Zerodha,Stocks & ETFs,NSE:INDIGOPNTS,969.8,-43.20000000000073,-18295.68,31033.6
INFIBEAM AVENUES LIMITED,2475.0,20.15,17.24,NSE,INFIBEAM,Neptune-Zerodha,Stocks & ETFs,NSE:INFIBEAM,17.17,-173.2499999999919,-7375.499999999992,42495.75000000001
INGERSOLL-RAND (INDIA) LTD,17.0,3007.73,3537.7,NSE,INGERRAND,Neptune-Zerodha,Stocks & ETFs,NSE:INGERRAND,3578.4,691.9000000000046,9701.390000000001,60832.8
JB CHEMICALS & PHARMACEUTICA,136.0,1857.1885294117649,1550.4,NSE,JBCHEPHARM,Neptune-Zerodha,Stocks & ETFs,NSE:JBCHEPHARM,1565.75,2087.5999999999876,-39635.64000000002,212942.0
JM FINANCIAL LIMITED,509.0,95.33,96.36,NSE,JMFINANCIL,Neptune-Zerodha,Stocks & ETFs,NSE:JMFINANCIL,95.76,-305.39999999999714,218.87000000000347,48741.840000000004
JSW ENERGY LIMITED,129.0,404.0,522.5,NSE,JSWENERGY,Neptune-Zerodha,Stocks & ETFs,NSE:JSWENERGY,523.4,116.09999999999707,15402.599999999997,67518.59999999999
JSW INFRASTRUCTURE LIMITED,160.0,313.9018125,316.45,NSE,JSWINFRA,Neptune-Zerodha,Stocks & ETFs,NSE:JSWINFRA,321.8,856.0000000000036,1263.710000000001,51488.0
JAMNA AUTO INDUSTRIES LIMITED,449.0,111.59999999999998,75.86,NSE,JAMNAAUTO,Neptune-Zerodha,Stocks & ETFs,NSE:JAMNAAUTO,75.75,-49.389999999999745,-16096.64999999999,34011.75
JINDAL SAW LIMITED,102.0,305.08,271.8,NSE,JINDALSAW,Neptune-Zerodha,Stocks & ETFs,NSE:JINDALSAW,273.85,209.10000000000116,-3185.459999999996,27932.7
JUBILANT PHARMOVA LIMITED,50.0,979.95,917.0,NSE,JUBLPHARMA,Neptune-Zerodha,Stocks & ETFs,NSE:JUBLPHARMA,909.9,-355.00000000000114,-3502.5000000000036,45495.0
JUPITER WAGONS LIMITED,96.0,522.38,371.65,NSE,JWL,Neptune-Zerodha,Stocks & ETFs,NSE:JWL,368.45,-307.1999999999989,-14777.28,35371.2
KEC INTERNATIONAL LTD (FORMER,82.0,608.65,791.75,NSE,KEC,Neptune-Zerodha,Stocks & ETFs,NSE:KEC,770.95,-1705.5999999999963,13308.600000000006,63217.9
KPR MILL LTD,53.0,937.4,892.75,NSE,KPRMILL,Neptune-Zerodha,Stocks & ETFs,NSE:KPRMILL,910.4,935.4499999999988,-1431.0,48251.2
KRBL LIMITED,3000.0,274.4,279.25,NSE,KRBL,Neptune-Zerodha,Stocks & ETFs,NSE:KRBL,283.4,12449.99999999993,27000.0,850199.9999999999
KSB LIMITED,64.0,856.2575,697.55,NSE,KSB,Neptune-Zerodha,Stocks & ETFs,NSE:KSB,696.2,-86.39999999999418,-10243.68,44556.8
KALPATARU PROJECTS INTL. LTD,38.0,1293.39,983.2,NSE,KPIL,Neptune-Zerodha,Stocks & ETFs,NSE:KPIL,977.6,-212.80000000000086,-12000.020000000002,37148.8
KALYAN JEWELLERS INDIA LIMITED,167.0,300.5,458.05,NSE,KALYANKJIL,Neptune-Zerodha,Stocks & ETFs,NSE:KALYANKJIL,483.9,4316.949999999994,30627.799999999996,80811.3
KEYSTONE REALTORS LIMITED,88.0,570.93,535.8,NSE,RUSTOMJEE,Neptune-Zerodha,Stocks & ETFs,NSE:RUSTOMJEE,527.95,-690.799999999992,-3782.2399999999916,46459.600000000006
KIRLOSKAR BROTHERS LIMITED,28.0,1857.1089285714288,1699.95,NSE,KIRLOSBROS,Neptune-Zerodha,Stocks & ETFs,NSE:KIRLOSBROS,1708.35,235.19999999999618,-4165.250000000009,47833.799999999996
KIRLOSKAR OIL ENGINES LIMITED,41.0,1189.25,724.7,NSE,KIRLOSENG,Neptune-Zerodha,Stocks & ETFs,NSE:KIRLOSENG,721.15,-145.5500000000028,-19192.100000000002,29567.149999999998
L&T FINANCE LIMITED,298.0,169.0,150.9,NSE,LTF,Neptune-Zerodha,Stocks & ETFs,NSE:LTF,152.24,399.320000000001,-4994.479999999998,45367.520000000004
LMW LIMITED,4.0,13898.15,15698.75,NSE,LMW,Neptune-Zerodha,Stocks & ETFs,NSE:LMW,15727.25,114.0,7316.4000000000015,62909.0
LAXMI ORGANIC INDUSTRIES LTD,183.0,277.97,180.23,NSE,LXCHEM,Neptune-Zerodha,Stocks & ETFs,NSE:LXCHEM,179.32,-166.52999999999938,-18052.950000000008,32815.56
LEMON TREE HOTELS LIMITED,367.0,136.39,137.06,NSE,LEMONTREE,Neptune-Zerodha,Stocks & ETFs,NSE:LEMONTREE,139.15,767.0300000000012,1012.9200000000071,51068.05
LINDE INDIA LIMITED,7.0,7637.65,6207.9,NSE,LINDEINDIA,Neptune-Zerodha,Stocks & ETFs,NSE:LINDEINDIA,6224.6,116.9000000000051,-9891.349999999995,43572.200000000004
LLOYDS METALS AND ENERGY LIMIT,72.0,701.43,1276.85,NSE,LLOYDSME,Neptune-Zerodha,Stocks & ETFs,NSE:LLOYDSME,1346.15,4989.600000000013,46419.84000000001,96922.8
MAHINDRA LOGISTICS LIMITED,126.0,401.84,266.25,NSE,MAHLOG,Neptune-Zerodha,Stocks & ETFs,NSE:MAHLOG,263.7,-321.30000000000143,-17405.64,33226.2
MASTEK LIMITED,17.0,2995.0,2121.2,NSE,MASTEK,Neptune-Zerodha,Stocks & ETFs,NSE:MASTEK,2136.55,260.9500000000062,-14593.649999999998,36321.350000000006
MAX HEALTHCARE INSTITUTE LTD,86.0,566.17,1083.6,NSE,MAXHEALTH,Neptune-Zerodha,Stocks & ETFs,NSE:MAXHEALTH,1092.25,743.9000000000078,45242.880000000005,93933.5
MEDPLUS HEALTH SERVICES,207.0,724.7715458937199,750.55,NSE,MEDPLUS,Neptune-Zerodha,Stocks & ETFs,NSE:MEDPLUS,758.15,1573.2000000000048,6909.339999999973,156937.05
MINDA CORPORATION LTD,92.0,543.37,544.15,NSE,MINDACORP,Neptune-Zerodha,Stocks & ETFs,NSE:MINDACORP,543.55,-55.20000000000209,16.559999999995398,50006.6
NBCC (INDIA) LIMITED,365.0,0.0,81.61,NSE,NBCC,Neptune-Zerodha,Stocks & ETFs,NSE:NBCC,82.45,306.6000000000013,30094.25,30094.25
NMDC LIMITED,690.0,73.3,69.77,NSE,NMDC,Neptune-Zerodha,Stocks & ETFs,NSE:NMDC,69.97,138.00000000000196,-2297.699999999999,48279.299999999996
NOCIL LIMITED,213.0,234.28,177.46,NSE,NOCIL,Neptune-Zerodha,Stocks & ETFs,NSE:NOCIL,177.4,-12.780000000000484,-12115.439999999999,37786.200000000004
NESTLE INDIA LIMITED,19.0,2662.85,2234.0,NSE,NESTLEIND,Neptune-Zerodha,Stocks & ETFs,NSE:NESTLEIND,2193.3,-773.2999999999965,-8921.449999999995,41672.700000000004
NEWGEN SOFTWARE TECHNOLOGIES,36.0,1323.15,992.0,NSE,NEWGEN,Neptune-Zerodha,Stocks & ETFs,NSE:NEWGEN,982.0,-360.0,-12281.400000000003,35352.0
OIL AND NATURAL GAS CORPORATIO,181.0,276.0,248.07,NSE,ONGC,Neptune-Zerodha,Stocks & ETFs,NSE:ONGC,250.54,447.0699999999998,-4608.260000000001,45347.74
OIL INDIA LIMITED,77.0,0.0,385.45,NSE,OIL,Neptune-Zerodha,Stocks & ETFs,NSE:OIL,385.75,23.100000000000875,29702.75,29702.75
ONE 97 COMMUNICATIONS PAYTM,86.0,583.0,801.1,NSE,PAYTM,Neptune-Zerodha,Stocks & ETFs,NSE:PAYTM,812.45,976.100000000002,19732.700000000004,69870.7
PB FINTECH LTD POLICYBZR,69.0,713.45,1514.6,NSE,POLICYBZR,Neptune-Zerodha,Stocks & ETFs,NSE:POLICYBZR,1549.9,2435.7000000000126,57715.05,106943.1
PATANJALI FOODS LIMITED,34.0,1466.84,1801.7,NSE,PATANJALI,Neptune-Zerodha,Stocks & ETFs,NSE:PATANJALI,1808.75,239.69999999999845,11624.940000000002,61497.5
PERSISTENT SYSTEMS LIMITED,13.0,4021.400000000001,5211.55,NSE,PERSISTENT,Neptune-Zerodha,Stocks & ETFs,NSE:PERSISTENT,5280.2,892.4499999999953,16364.399999999985,68642.59999999999
PRESTIGE ESTATES PROJECTS LIMI,30.0,1664.07,1137.35,NSE,PRESTIGE,Neptune-Zerodha,Stocks & ETFs,NSE:PRESTIGE,1185.5,1444.5000000000027,-14357.099999999999,35565.0
PRISM JOHNSON LIMITED,274.0,182.7,134.52,NSE,PRSMJOHNSN,Neptune-Zerodha,Stocks & ETFs,NSE:PRSMJOHNSN,133.51,-276.7400000000053,-13478.06,36581.74
RADICO KHAITAN LTD,23.0,2169.25,2327.25,NSE,RADICO,Neptune-Zerodha,Stocks & ETFs,NSE:RADICO,2344.15,388.7000000000021,4022.700000000002,53915.450000000004
RALLIS INDIA LTD,227.0,220.65,221.44,NSE,RALLIS,Neptune-Zerodha,Stocks & ETFs,NSE:RALLIS,223.55,478.9700000000031,658.3000000000013,50745.850000000006
RESTAURANT BRANDS ASIA LIMITED,442.0,113.23999999999998,64.28,NSE,RBA,Neptune-Zerodha,Stocks & ETFs,NSE:RBA,65.43,508.3000000000025,-21132.01999999999,28920.06
RITES LIMITED,210.0,237.65238095238092,230.19,NSE,RITES,Neptune-Zerodha,Stocks & ETFs,NSE:RITES,228.08,-443.0999999999969,-2010.1999999999912,47896.8
SBFC FINANCE LIMITED,562.0,89.11,89.83,NSE,SBFC,Neptune-Zerodha,Stocks & ETFs,NSE:SBFC,92.27,1371.2799999999988,1775.919999999998,51855.74
SAFARI INDUSTRIES INDIA LTD,24.0,2094.03,1942.35,NSE,SAFARI,Neptune-Zerodha,Stocks & ETFs,NSE:SAFARI,1945.7,80.40000000000327,-3559.9200000000037,46696.8
SAMVARDHANA MOTHERSON INT LTD,246.0,204.58,131.12,NSE,MOTHERSON,Neptune-Zerodha,Stocks & ETFs,NSE:MOTHERSON,130.53,-145.14000000000084,-18216.300000000003,32110.38
SHIPPING CORP OF INDIA LT,190.0,263.75,170.2,NSE,SCI,Neptune-Zerodha,Stocks & ETFs,NSE:SCI,169.5,-132.99999999999784,-17907.5,32205.0
SHOPPERS STOP LIMITED,68.0,745.48,534.7,NSE,SHOPERSTOP,Neptune-Zerodha,Stocks & ETFs,NSE:SHOPERSTOP,563.95,1989.0,-12344.039999999997,38348.600000000006
SONA BLW PRECISION FORGINGS,73.0,682.65,461.0,NSE,SONACOMS,Neptune-Zerodha,Stocks & ETFs,NSE:SONACOMS,463.75,200.75,-15979.699999999999,33853.75
SONATA SOFTWARE LIMITED,70.0,670.0,348.6,NSE,SONATSOFTW,Neptune-Zerodha,Stocks & ETFs,NSE:SONATSOFTW,355.3,468.9999999999992,-22029.0,24871.0
STAR HEALTH ALLIED INS CO LTD,85.0,572.14,344.9,NSE,STARHEALTH,Neptune-Zerodha,Stocks & ETFs,NSE:STARHEALTH,346.8,161.5000000000029,-19153.899999999998,29478.0
STATE BANK OF INDIA,65.0,768.1,771.7,NSE,SBIN,Neptune-Zerodha,Stocks & ETFs,NSE:SBIN,773.35,107.24999999999852,341.25,50267.75
SUMITOMO CHEMICAL INDIA LTD,88.0,566.38,552.75,NSE,SUMICHEM,Neptune-Zerodha,Stocks & ETFs,NSE:SUMICHEM,559.15,563.199999999998,-636.2400000000016,49205.2
SUNTECK REALTY LIMITED,109.0,469.19999999999993,396.7,NSE,SUNTECK,Neptune-Zerodha,Stocks & ETFs,NSE:SUNTECK,399.7,327.0,-7575.499999999994,43567.299999999996
SUPRAJIT ENGINEERING LIMITED,114.0,397.42,379.9,NSE,SUPRAJIT,Neptune-Zerodha,Stocks & ETFs,NSE:SUPRAJIT,382.9,342.0,-1655.2800000000043,43650.6
SUVEN PHARMACEUTICALS LIMITED,44.0,1143.26,1074.05,NSE,SUVENPHAR,Neptune-Zerodha,Stocks & ETFs,NSE:SUVENPHAR,1108.8,1529.0,-1516.2400000000016,48787.2
TAMILNAD MERCANTILE BANK LTD,202.0,485.44554455445547,417.25,NSE,TMB,Neptune-Zerodha,Stocks & ETFs,NSE:TMB,416.8,-90.8999999999977,-13866.400000000001,84193.6
TATA TECHNOLOGIES LIMITED,44.0,1052.15,687.05,NSE,TATATECH,Neptune-Zerodha,Stocks & ETFs,NSE:TATATECH,686.25,-35.199999999998,-16099.600000000004,30195.0
TEAMLEASE SERVICES LIMITED,19.0,2625.06,1855.8,NSE,TEAMLEASE,Neptune-Zerodha,Stocks & ETFs,NSE:TEAMLEASE,1884.05,536.75,-14079.19,35796.95
PHOENIX MILLS LTD,27.0,1757.8900000000003,1601.1,NSE,PHOENIXLTD,Neptune-Zerodha,Stocks & ETFs,NSE:PHOENIXLTD,1657.25,1516.0500000000025,-2717.280000000009,44745.75
TRANSPORT CORPORATION OF INDIA,62.0,800.23,1119.8,NSE,TCI,Neptune-Zerodha,Stocks & ETFs,NSE:TCI,1127.7,489.80000000000564,20303.140000000003,69917.40000000001
UFLEX LIMITED,113.0,445.48,505.05,NSE,UFLEX,Neptune-Zerodha,Stocks & ETFs,NSE:UFLEX,506.45,158.19999999999743,6889.609999999997,57228.85
UNITED SPIRITS LIMITED,38.0,1320.85,1406.15,NSE,UNITDSPR,Neptune-Zerodha,Stocks & ETFs,NSE:UNITDSPR,1426.4,769.5,4010.900000000007,54203.200000000004
VIP INDUSTRIES LTD,88.0,516.1,281.05,NSE,VIPIND,Neptune-Zerodha,Stocks & ETFs,NSE:VIPIND,282.15,96.799999999997,-20587.600000000006,24829.199999999997
VARDHMAN TEXTILES LIMTED,104.0,513.3317307692307,398.25,NSE,VTL,Neptune-Zerodha,Stocks & ETFs,NSE:VTL,398.05,-20.799999999998818,-11989.299999999994,41397.200000000004
VEDANTA LIMITED,167.0,310.3,457.4,NSE,VEDL,Neptune-Zerodha,Stocks & ETFs,NSE:VEDL,456.25,-192.0499999999962,24373.649999999998,76193.75
VIJAYA DIAGNOSTIC CENTRE LTD,49.0,1020.56,973.3,NSE,VIJAYA,Neptune-Zerodha,Stocks & ETFs,NSE:VIJAYA,965.15,-399.3499999999989,-2715.0899999999983,47292.35
ZOMATO LIMITED,441.0,112.8,202.01,NSE,ZOMATO,Neptune-Zerodha,Stocks & ETFs,NSE:ZOMATO,203.79,784.9800000000005,40126.59,89871.39
JK CEMENT LIMITED,10.0,4965.0,4932.4,NSE,JKCEMENT,Neptune-Zerodha,Stocks & ETFs,NSE:JKCEMENT,4922.7,-96.99999999999818,-423.0000000000018,49227.0
TATA MOTORS LIMITED,77.0,633.21,671.85,NSE,TATAMOTORS,Neptune-Zerodha,Stocks & ETFs,NSE:TATAMOTORS,671.45,-30.79999999999825,2944.4800000000005,51701.65
ICICI BANK LIMITED,78.0,1280.13,1318.45,NSE,ICICIBANK,Neptune-Zerodha,Stocks & ETFs,NSE:ICICIBANK,1329.85,889.1999999999894,3878.1599999999844,103728.29999999999
SANOFI CONSUMER HEALTHCARE IND,6.0,896.4900000000001,4808.75,NSE,SANOFICONR,Neptune-Zerodha,Stocks & ETFs,NSE:SANOFICONR,4770.0,-232.5,23241.059999999998,28620.0
SHYAM METALICS AND ENERGY LTD,59.0,855.61,860.5,NSE,SHYAMMETL,SMS-ICICI,Stocks & ETFs,NSE:SHYAMMETL,892.65,1896.8499999999985,2185.359999999998,52666.35
VIJAYA DIAGNOSTIC CENTRE LTD,46.0,1099.03,973.3,NSE,VIJAYA,SMS-ICICI,Stocks & ETFs,NSE:VIJAYA,965.15,-374.89999999999895,-6158.48,44396.9
AADHAR HOUSING FINANCE LIMITED,113.0,440.93,423.3,NSE,AADHARHFC,SMS-ICICI,Stocks & ETFs,NSE:AADHARHFC,432.05,988.75,-1003.4399999999995,48821.65
SUNDARAM FINANCE LTD,10.0,4899.2,4513.8,NSE,SUNDARMFIN,SMS-ICICI,Stocks & ETFs,NSE:SUNDARMFIN,4533.6,198.00000000000182,-3655.9999999999945,45336.0
MAHARASHTRA SEAMLESS LTD,71.0,706.25,735.1,NSE,MAHSEAMLES,SMS-ICICI,Stocks & ETFs,NSE:MAHSEAMLES,721.0,-1001.1000000000016,1047.25,51191.0
INDIAN HOTELS CO LTD,63.0,798.6,805.75,NSE,INDHOTEL,SMS-ICICI,Stocks & ETFs,NSE:INDHOTEL,828.05,1404.8999999999971,1855.3499999999958,52167.149999999994
COROMANDEL INTERNATIONAL LIMIT,26.0,1949.09,2049.05,NSE,COROMANDEL,SMS-ICICI,Stocks & ETFs,NSE:COROMANDEL,2037.2,-308.10000000000355,2290.8600000000033,52967.200000000004
DOMS INDUSTRIES LIMITED,17.0,2917.03,2742.15,NSE,DOMS,SMS-ICICI,Stocks & ETFs,NSE:DOMS,2812.6,1197.649999999997,-1775.310000000005,47814.2
BHARTI AIRTEL LTD,30.0,1647.7,1724.15,NSE,BHARTIARTL,SMS-ICICI,Stocks & ETFs,NSE:BHARTIARTL,1750.45,788.9999999999986,3082.5,52513.5
AAVAS FINANCIERS LIMITED,27.0,1848.8,2086.05,NSE,AAVAS,SMS-ICICI,Stocks & ETFs,NSE:AAVAS,2120.1,919.3499999999926,7325.0999999999985,57242.7
ABBOTT INDIA LIMITED,2.0,27803.35,30318.0,NSE,ABBOTINDIA,SMS-ICICI,Stocks & ETFs,NSE:ABBOTINDIA,29940.0,-756.0,4273.300000000003,59880.0
ASTRAZENECA PHARMA INDIA LTD,7.0,7156.2300000000005,8492.65,NSE,ASTRAZEN,SMS-ICICI,Stocks & ETFs,NSE:ASTRAZEN,8356.25,-954.7999999999975,8400.139999999996,58493.75
AVANTI FEEDS LTD,74.0,672.0,873.8,NSE,AVANTIFEED,SMS-ICICI,Stocks & ETFs,NSE:AVANTIFEED,894.25,1513.3000000000034,16446.5,66174.5
BAJAJ FINSERV LIMITED,28.0,1770.05,1937.1,NSE,BAJAJFINSV,SMS-ICICI,Stocks & ETFs,NSE:BAJAJFINSV,1948.15,309.4000000000051,4986.800000000004,54548.200000000004
BLUE STAR LTD,25.0,1981.69,2085.35,NSE,BLUESTARCO,SMS-ICICI,Stocks & ETFs,NSE:BLUESTARCO,2112.05,667.5000000000068,3259.000000000003,52801.25000000001
CASTROL INDIA LIMITED,216.0,232.3,206.86,NSE,CASTROLIND,SMS-ICICI,Stocks & ETFs,NSE:CASTROLIND,202.3,-984.9600000000005,-6480.0,43696.8
CHAMBAL FERTILISERS & CHEMICAL,90.0,558.0,621.4,NSE,CHAMBLFERT,SMS-ICICI,Stocks & ETFs,NSE:CHAMBLFERT,626.9,495.0,6200.999999999998,56421.0
ERIS LIFESCIENCES LIMITED,36.0,1394.77,1390.0,NSE,ERIS,SMS-ICICI,Stocks & ETFs,NSE:ERIS,1384.55,-196.20000000000164,-367.920000000001,49843.799999999996
EICHER MOTORS LTD,10.0,5052.6,5307.2,NSE,EICHERMOT,SMS-ICICI,Stocks & ETFs,NSE:EICHERMOT,5355.55,483.50000000000364,3029.499999999998,53555.5
GENERAL INSURANCE CORP INDIA,118.0,425.14,414.35,NSE,GICRE,SMS-ICICI,Stocks & ETFs,NSE:GICRE,412.3,-241.90000000000134,-1515.1199999999972,48651.4
GLAXOSMITHKLINE PHARMACEUTICAL,20.0,2496.05,2797.35,NSE,GLAXO,SMS-ICICI,Stocks & ETFs,NSE:GLAXO,2788.9,-168.99999999999636,5856.999999999998,55778.0
GLOBAL HEALTH LIMITED,45.0,1106.16,1231.1,NSE,MEDANTA,SMS-ICICI,Stocks & ETFs,NSE:MEDANTA,1253.15,992.2500000000082,6614.55,56391.75000000001
GODFREY PHILLIPS INDIA LIMITED,8.0,6315.94,7107.65,NSE,GODFRYPHLP,SMS-ICICI,Stocks & ETFs,NSE:GODFRYPHLP,6910.65,-1576.0,4757.68,55285.2
GODREJ INDUSTRIES LIMITED,46.0,1099.58,1090.95,NSE,GODREJIND,SMS-ICICI,Stocks & ETFs,NSE:GODREJIND,1113.65,1044.200000000002,647.2200000000075,51227.9
GREAT EASTERN SHIPPING CO LTD,3021.0,927.8990731545844,923.25,NSE,GESHIP,SMS-ICICI,Stocks & ETFs,NSE:GESHIP,931.05,23563.79999999986,9518.95000000052,2812702.05
GUJARAT STATE PETRONET LIMITED,5700.0,277.7184210526316,294.05,NSE,GSPL,SMS-ICICI,Stocks & ETFs,NSE:GSPL,292.0,-11685.000000000065,81404.99999999997,1664400.0
HINDALCO INDUSTRIES LIMITED,72.0,699.7,663.75,NSE,HINDALCO,SMS-ICICI,Stocks & ETFs,NSE:HINDALCO,658.2,-399.5999999999967,-2988.0,47390.4
ICICI BANK LIMITED,37.0,1358.4,1318.45,NSE,ICICIBANK,SMS-ICICI,Stocks & ETFs,NSE:ICICIBANK,1329.8,419.94999999999663,-1058.200000000005,49202.6
ITC HOTELS LIMITED,3143.0,162.98934457524658,210.38,NSE,ITCHOTELS,SMS-ICICI,Stocks & ETFs,NSE:ITCHOTELS,204.34,-18983.719999999976,129965.11000000002,642240.62
INTERGLOBE AVIATION LIMITED,11.0,4466.25,5028.0,NSE,INDIGO,SMS-ICICI,Stocks & ETFs,NSE:INDIGO,5044.3,179.300000000002,6358.550000000002,55487.3
JSW STEEL LIMITED,52.0,963.0,1056.25,NSE,JSWSTEEL,SMS-ICICI,Stocks & ETFs,NSE:JSWSTEEL,1054.45,-93.59999999999764,4755.400000000002,54831.4
KOTAK MAHINDRA BANK LTD,26.0,1899.5,2145.9,NSE,KOTAKBANK,SMS-ICICI,Stocks & ETFs,NSE:KOTAKBANK,2145.25,-16.900000000002365,6389.5,55776.5
MAHINDRA & MAHINDRA FINANCIAL,175.0,286.95,276.35,NSE,M&MFIN,SMS-ICICI,Stocks & ETFs,NSE:M&MFIN,275.0,-236.25000000000398,-2091.249999999998,48125.0
MANAPPURAM FINANCE LIMITED,256.0,195.55,232.13,NSE,MANAPPURAM,SMS-ICICI,Stocks & ETFs,NSE:MANAPPURAM,235.05,747.5200000000041,10112.0,60172.8
MAZAGON DOCK SHIPBUILDERS LTD,21.0,2358.55,2578.55,NSE,MAZDOCK,SMS-ICICI,Stocks & ETFs,NSE:MAZDOCK,2589.75,235.19999999999618,4855.199999999996,54384.75
MINDA CORPORATION LTD,92.0,542.93,544.15,NSE,MINDACORP,SMS-ICICI,Stocks & ETFs,NSE:MINDACORP,543.65,-46.0,66.24000000000251,50015.799999999996
NAVIN FLUORINE INTERNATIONAL L,14.0,3636.3,4198.25,NSE,NAVINFLUOR,SMS-ICICI,Stocks & ETFs,NSE:NAVINFLUOR,4193.05,-72.79999999999745,7794.5,58702.700000000004
SBI CARDS AND PAYMENT SERV LTD,68.0,738.43,862.1,NSE,SBICARD,SMS-ICICI,Stocks & ETFs,NSE:SBICARD,862.7,40.800000000001546,8450.360000000006,58663.600000000006
SRF LIMITED,20.0,2535.65,2879.5,NSE,SRF,SMS-ICICI,Stocks & ETFs,NSE:SRF,2906.3,536.0000000000036,7413.000000000002,58126.0
SHREE CEMENTS LTD,2.0,27759.95,30246.4,NSE,SHREECEM,SMS-ICICI,Stocks & ETFs,NSE:SHREECEM,30175.0,-142.8000000000029,4830.0999999999985,60350.0
TATA STEEL LIMITED,327.0,152.91,153.12,NSE,TATASTEEL,SMS-ICICI,Stocks & ETFs,NSE:TATASTEEL,155.33,722.6700000000026,791.3400000000051,50792.91
UPL LIMITED,80.0,623.3,634.75,NSE,UPL,SMS-ICICI,Stocks & ETFs,NSE:UPL,645.4,851.9999999999982,1768.0000000000018,51632.0
JK CEMENT LIMITED,10.0,4833.6,4932.4,NSE,JKCEMENT,SMS-ICICI,Stocks & ETFs,NSE:JKCEMENT,4915.55,-168.49999999999454,819.4999999999982,49155.5
SOLAR INDUSTRIES INDIA LIMITED,5.0,10900.0,11131.6,NSE,SOLARINDS,SMS-ICICI,Stocks & ETFs,NSE:SOLARINDS,11197.95,331.7500000000018,1489.7500000000036,55989.75
UNION BANK OF INDIA,392.0,127.6,124.78,NSE,UNIONBANK,SMS-ICICI,Stocks & ETFs,NSE:UNIONBANK,125.56,305.76000000000045,-799.6799999999969,49219.520000000004
BHARAT ELECTRONICS LTD,165.0,303.15,292.0,NSE,BEL,SMS-ICICI,Stocks & ETFs,NSE:BEL,280.6,-1880.9999999999964,-3720.7499999999927,46299.00000000001
GODREJ AGROVET LIMITED,64.0,784.74,751.65,NSE,GODREJAGRO,SMS-ICICI,Stocks & ETFs,NSE:GODREJAGRO,754.2,163.20000000000437,-1954.5599999999977,48268.8
RADICO KHAITAN LTD,22.0,2333.09,2327.25,NSE,RADICO,SMS-ICICI,Stocks & ETFs,NSE:RADICO,2344.85,387.199999999998,258.7199999999948,51586.7
VEDANTA LIMITED,107.0,467.54,457.4,NSE,VEDL,SMS-ICICI,Stocks & ETFs,NSE:VEDL,456.4,-107.0,-1191.9800000000046,48834.799999999996
AEGIS LOGISTICS LTD,59.0,850.0,781.8,NSE,AEGISLOG,SMS-ICICI,Stocks & ETFs,NSE:AEGISLOG,813.3,1858.5,-2165.300000000003,47984.7
DIVIS LABORATORIES LIMITED,9.0,5852.61,5549.7,NSE,DIVISLAB,SMS-ICICI,Stocks & ETFs,NSE:DIVISLAB,5592.5,385.20000000000164,-2340.989999999997,50332.5
INDIAN BANK,90.0,556.1,530.95,NSE,INDIANB,SMS-ICICI,Stocks & ETFs,NSE:INDIANB,530.45,-45.0,-2308.499999999998,47740.50000000001
L&T FINANCE LIMITED,320.0,156.56,150.9,NSE,LTF,SMS-ICICI,Stocks & ETFs,NSE:LTF,152.24,428.8000000000011,-1382.3999999999978,48716.8
NLC INDIA LIMITED,201.0,248.96,243.58,NSE,NLCINDIA,SMS-ICICI,Stocks & ETFs,NSE:NLCINDIA,244.25,134.6699999999975,-946.7100000000016,49094.25
HDFC LIFE INSURANCE COM LTD,73.0,682.9,692.9,NSE,HDFCLIFE,SMS-ICICI,Stocks & ETFs,NSE:HDFCLIFE,696.6,270.1000000000033,1000.1000000000033,50851.8
LEMON TREE HOTELS LIMITED,381.0,131.42,137.06,NSE,LEMONTREE,SMS-ICICI,Stocks & ETFs,NSE:LEMONTREE,139.09,773.4300000000004,2922.270000000006,52993.29
AARTI INDUSTRIES LTD,580.0,251.94810344827584,391.15,NSE,AARTIIND,RSS-Zerodha,Stocks & ETFs,NSE:AARTIIND,392.2,609.0000000000066,81346.1,227476.0
ALIVUS LIFE SCIENCES LIMITED,2500.0,655.05,1033.8,NSE,ALIVUS,RSS-Zerodha,Stocks & ETFs,NSE:ALIVUS,1027.9,-14749.999999999658,932125.0000000003,2569750.0
ANUH PHARMA LTD,7900.0,156.03227848101267,153.8,NSE,ANUHPHR,RSS-Zerodha,Stocks & ETFs,NSE:ANUHPHR,157.52,29387.999999999993,11753.000000000005,1244408.0
BAJAJ ELECTRICALS LIMITED,2728.0,234.4585960410557,547.7,NSE,BAJAJELEC,RSS-Zerodha,Stocks & ETFs,NSE:BAJAJELEC,548.15,1227.599999999814,855750.15,1495353.2
BALKRISHNA INDUSTRIES LTD,150.0,2248.716666666667,2523.55,NSE,BALKRISIND,RSS-Zerodha,Stocks & ETFs,NSE:BALKRISIND,2546.0,3367.4999999999727,44592.49999999993,381900.0
DCM SHRIRAM LIMITED,3640.0,257.0353021978022,1046.5,NSE,DCMSHRIRAM,RSS-Zerodha,Stocks & ETFs,NSE:DCMSHRIRAM,1071.7,91728.00000000016,2965379.5000000005,3900988.0
GRINDWELL NORTON LTD,1771.0,41.30530773574252,1705.7,NSE,GRINDWELL,RSS-Zerodha,Stocks & ETFs,NSE:GRINDWELL,1683.25,-39758.95000000008,2907884.0500000003,2981035.75
HDFC BANK LIMITED,303.0,1648.55,1767.85,NSE,HDFCBANK,RSS-Zerodha,Stocks & ETFs,NSE:HDFCBANK,1792.65,7514.400000000055,43662.30000000004,543172.9500000001
HINDUSTAN PETROLEUM CORP,9550.0,223.5520418848168,361.7,NSE,HINDPETRO,RSS-Zerodha,Stocks & ETFs,NSE:HINDPETRO,359.1,-24829.999999999673,1294483.0,3429405.0
ICICI LOMBARD GEN INSURANCE CO,795.0,1255.3270566037736,1791.9,NSE,ICICIGI,RSS-Zerodha,Stocks & ETFs,NSE:ICICIGI,1820.15,22458.75,449034.24000000005,1447019.25
ITC LIMITED,13655.0,409.61933357744414,406.65,NSE,ITC,RSS-Zerodha,Stocks & ETFs,NSE:ITC,409.05,32772.000000000466,-7774.249999999549,5585577.75
INDIAN ENERGY EXCHANGE LIMITED,8674.0,93.20675582199678,176.73,NSE,IEX,RSS-Zerodha,Stocks & ETFs,NSE:IEX,177.64,7893.33999999997,732373.9599999998,1540849.3599999999
NESCO LIMITED,4087.0,850.589283092733,936.35,NSE,NESCO,RSS-Zerodha,Stocks & ETFs,NSE:NESCO,938.5,8787.049999999907,359291.10000000015,3835649.5
ORIENTAL CARBON n CHEMICALS LT,1611.0,136.91322160148977,164.86,NSE,OCCL,RSS-Zerodha,Stocks & ETFs,NSE:OCCL,168.39,5686.829999999956,50709.08999999997,271276.29
PIRAMAL ENTERPRISES LIMITED,2823.0,822.6129117959617,989.05,NSE,PEL,RSS-Zerodha,Stocks & ETFs,NSE:PEL,994.3,14820.75,484672.6499999999,2806908.9
8.79% Power Fin. Corp. Nov 28,100.0,1000.0,1127.99,BSE,879PFCL28,RSS-Zerodha,Traded Bonds,BSE:879PFCL28,1127.99,0.0,12799.0,112799.0
RELIANCE INDUSTRIES,1894.0,90.8520591341077,1252.6,NSE,RELIANCE,RSS-Zerodha,Stocks & ETFs,NSE:RELIANCE,1254.3,3219.800000000086,2203570.4,2375644.1999999997
RUSHIL DECOR LIMITED,5000.0,28.8595,22.38,NSE,RUSHIL,RSS-Zerodha,Stocks & ETFs,NSE:RUSHIL,22.29,-449.9999999999993,-32847.50000000001,111450.0
SATLUJ JAL VIDYUT NIGAM LTD,34000.0,25.23,91.29,NSE,SJVN,RSS-Zerodha,Stocks & ETFs,NSE:SJVN,92.08,26859.99999999973,2272900.0,3130720.0
SARDA ENERGY & MINERALS LTD,17230.0,103.70230412071967,528.05,NSE,SARDAEN,RSS-Zerodha,Stocks & ETFs,NSE:SARDAEN,534.75,115441.00000000079,7426951.800000001,9213742.5
STYRENIX PERFOM. MATERIALS LTD,4332.0,1027.8604385964911,2648.75,NSE,STYRENIX,RSS-Zerodha,Stocks & ETFs,NSE:STYRENIX,2688.35,171547.1999999996,7193240.78,11645932.2
SUDARSHAN CHEMICAL INDUS LTD,2500.0,1066.17,1010.0,NSE,SUDARSCHEM,RSS-Zerodha,Stocks & ETFs,NSE:SUDARSCHEM,1007.8,-5500.000000000114,-145925.0000000003,2519500.0
SUN PHARMACEUTICAL INDUSTRIES,835.0,1019.3967664670656,1698.35,NSE,SUNPHARMA,RSS-Zerodha,Stocks & ETFs,NSE:SUNPHARMA,1709.15,9018.000000000153,575943.9500000003,1427140.25
TATA POWER CO LTD,100.0,218.1,374.75,NSE,TATAPOWER,RSS-Zerodha,Stocks & ETFs,NSE:TATAPOWER,376.6,185.00000000000227,15850.000000000004,37660.0
UNITED SPIRITS LIMITED,1000.0,1097.015,1406.15,NSE,UNITDSPR,RSS-Zerodha,Stocks & ETFs,NSE:UNITDSPR,1426.5,20349.99999999991,329484.9999999999,1426500.0
WELSPUN LIVING LIMITED,1000.0,164.37,131.75,NSE,WELSPUNLIV,RSS-Zerodha,Stocks & ETFs,NSE:WELSPUNLIV,132.53,780.0000000000011,-31840.000000000004,132530.0
WONDERLA HOLIDAYS LTD,4891.0,464.357984052341,659.4,NSE,WONDERLA,RSS-Zerodha,Stocks & ETFs,NSE:WONDERLA,660.95,7581.050000000334,961531.5500000004,3232706.45
AGARWAL INDUSTRIAL CORPORATION,200.0,984.65,992.65,NSE,AGARIND,RSS-Zerodha,Stocks & ETFs,NSE:AGARIND,997.95,1060.0000000000136,2660.0000000000136,199590.0
RBL BANK LIMITED,1000.0,175.65,176.24,NSE,RBLBANK,RSS-Zerodha,Stocks & ETFs,NSE:RBLBANK,172.64,-3600.0000000000227,-3010.000000000019,172640.0
MUTHOOT MICROFIN LIMITED,1000.0,125.44,131.06,NSE,MUTHOOTMF,RSS-Zerodha,Stocks & ETFs,NSE:MUTHOOTMF,130.03,-1030.0000000000011,4590.000000000004,130030.0
OCCL LIMITED,8055.0,21.032625698324026,82.12,NSE,OCCLLTD,RSS-Zerodha,Stocks & ETFs,NSE:OCCLLTD,81.78,-2738.7000000000276,489320.1,658737.9
UPL LIMITED PP,5420.0,176.3005,428.55,NSE,UPLPP1-E1,RSS-Zerodha,Stocks & ETFs,NSE:UPLPP1-E1,437.2,46882.999999999876,1414075.29,2369624.0
COCHIN SHIPYARD LIMITED,5818.0,160.52348401512546,1393.9,NSE,COCHINSHIP,SMS-JB,Stocks & ETFs,NSE:COCHINSHIP,1404.85,63707.09999999894,7239491.67,8173417.3
COAL INDIA LIMITED,9920.0,291.81,397.65,NSE,COALINDIA,SMS-JB,Stocks & ETFs,NSE:COALINDIA,396.45,-11903.999999999887,1038028.7999999998,3932784.0
NESCO LIMITED,4890.0,559.4,936.35,NSE,NESCO,SMS-JB,Stocks & ETFs,NSE:NESCO,938.5,10513.499999999889,1853799.0,4589265.0
CAPACITE INFRAPROJECTS LTD,1000.0,386.5,349.6,NSE,CAPACITE,Samrup-Zerodha,Stocks & ETFs,NSE:CAPACITE,352.55,2949.9999999999886,-33949.999999999985,352550.0
CARTRADE TECH LIMITED,505.0,489.95,1596.2,NSE,CARTRADE,Samrup-Zerodha,Stocks & ETFs,NSE:CARTRADE,1688.0,46358.99999999998,605015.25,852440.0
CHEMBOND CHEMICALS LTD,2000.0,494.46,513.95,NSE,CHEMBOND,Samrup-Zerodha,Stocks & ETFs,NSE:CHEMBOND,512.15,-3600.0000000001364,35379.99999999999,1024300.0
DEEPAK FERTILIZERS &PETROCHEMI,3000.0,723.0166666666667,1101.95,NSE,DEEPAKFERT,Samrup-Zerodha,Stocks & ETFs,NSE:DEEPAKFERT,1131.3,88049.99999999972,1224850.0,3393900.0
GUJARAT STATE PETRONET LIMITED,2000.0,270.8,294.05,NSE,GSPL,Samrup-Zerodha,Stocks & ETFs,NSE:GSPL,292.1,-3899.9999999999773,42600.00000000002,584200.0
HDFC BANK LIMITED,2200.0,1488.65,1767.85,NSE,HDFCBANK,Samrup-Zerodha,Stocks & ETFs,NSE:HDFCBANK,1792.6,54450.0,668689.9999999997,3943720.0
HINDUSTAN PETROLEUM CORP,7275.0,326.5422680412371,361.7,NSE,HINDPETRO,Samrup-Zerodha,Stocks & ETFs,NSE:HINDPETRO,359.35,-17096.249999999753,238676.25000000032,2614271.25
ITC LIMITED,2120.0,328.317570754717,406.65,NSE,ITC,Samrup-Zerodha,Stocks & ETFs,NSE:ITC,409.05,5088.000000000073,171152.75,867186.0
KARNATAKA BANK LTD,7235.0,180.9,179.2,NSE,KTKBANK,Samrup-Zerodha,Stocks & ETFs,NSE:KTKBANK,179.65,3255.7500000001232,-9043.75,1299767.75
NESCO LIMITED,1000.0,817.95,936.35,NSE,NESCO,Samrup-Zerodha,Stocks & ETFs,NSE:NESCO,938.5,2149.9999999999773,120549.99999999996,938500.0
POWER FINANCE CORPORATION LTD,19875.0,264.00754716981135,404.7,NSE,PFC,Samrup-Zerodha,Stocks & ETFs,NSE:PFC,410.4,113287.49999999977,2909549.999999999,8156700.0
RBL BANK LIMITED,2000.0,200.975,176.24,NSE,RBLBANK,Samrup-Zerodha,Stocks & ETFs,NSE:RBLBANK,172.64,-7200.0000000000455,-56670.000000000015,345280.0
SRF LIMITED,375.0,2268.85,2879.5,NSE,SRF,Samrup-Zerodha,Stocks & ETFs,NSE:SRF,2906.5,10125.0,239118.75000000003,1089937.5
STYRENIX PERFOM. MATERIALS LTD,600.0,1768.4033333333334,2648.75,NSE,STYRENIX,Samrup-Zerodha,Stocks & ETFs,NSE:STYRENIX,2688.35,23759.999999999945,551967.9999999999,1613010.0
SUDARSHAN CHEMICAL INDUS LTD,2400.0,1056.2583333333334,1010.0,NSE,SUDARSCHEM,Samrup-Zerodha,Stocks & ETFs,NSE:SUDARSCHEM,1007.8,-5280.000000000109,-116300.00000000036,2418720.0
SUN PHARMACEUTICAL INDUSTRIES,275.0,852.0363636363636,1698.35,NSE,SUNPHARMA,Samrup-Zerodha,Stocks & ETFs,NSE:SUNPHARMA,1709.2,2983.7500000000373,235720.00000000003,470030.0
WELSPUN LIVING LIMITED,21000.0,143.2,131.75,NSE,WELSPUNLIV,Samrup-Zerodha,Stocks & ETFs,NSE:WELSPUNLIV,132.5,15750.0,-224699.99999999977,2782500.0
COAL INDIA LIMITED,1050.0,397.75,397.65,NSE,COALINDIA,Samrup-Zerodha,Stocks & ETFs,NSE:COALINDIA,396.45,-1259.9999999999882,-1365.0000000000118,416272.5
IDFC FIRST BANK LIMITED,1040.0,77.73,57.17,NSE,IDFCFIRSTB,Samrup-Zerodha,Stocks & ETFs,NSE:IDFCFIRSTB,56.86,-322.40000000000236,-21704.800000000003,59134.4
AARTI INDUSTRIES LTD,500.0,482.65,391.15,NSE,AARTIIND,Neptune-5Paisa,Stocks & ETFs,NSE:AARTIIND,392.5,675.0000000000114,-45074.999999999985,196250.0
COAL INDIA LIMITED,4725.0,381.6,397.65,NSE,COALINDIA,Neptune-5Paisa,Stocks & ETFs,NSE:COALINDIA,396.45,-5669.999999999946,70166.24999999984,1873226.25
KAMA HOLDINGS LIMITED,250.0,2431.064,2583.8,BSE,KAMAHOLD,Neptune-5Paisa,Stocks & ETFs,BSE:KAMAHOLD,2606.95,5787.499999999909,43971.49999999999,651737.5
LAURUS LABS LIMITED,1000.0,300.1,598.9,NSE,LAURUSLABS,Neptune-5Paisa,Stocks & ETFs,NSE:LAURUSLABS,608.1,9200.000000000045,308000.0,608100.0
MAHARASHTRA SCOOTERS LTD,395.0,4156.975291139241,10686.2,NSE,MAHSCOOTER,Neptune-5Paisa,Stocks & ETFs,NSE:MAHSCOOTER,10949.75,104102.24999999971,2683146.01,4325151.25
NESCO LIMITED,2470.0,518.8308097165992,936.35,NSE,NESCO,Neptune-5Paisa,Stocks & ETFs,NSE:NESCO,937.4,2593.4999999998877,1033865.8999999999,2315378.0
POWER FINANCE CORPORATION LTD,11625.0,260.4,404.7,NSE,PFC,Neptune-5Paisa,Stocks & ETFs,NSE:PFC,410.4,66262.49999999987,1743750.0,4770900.0
STYRENIX PERFOM. MATERIALS LTD,300.0,1143.0833333333333,2648.75,NSE,STYRENIX,Neptune-5Paisa,Stocks & ETFs,NSE:STYRENIX,2688.35,11879.999999999973,463580.0,806505.0
SUN PHARMACEUTICAL INDUSTRIES,1832.0,1132.949344978166,1698.35,NSE,SUNPHARMA,Neptune-5Paisa,Stocks & ETFs,NSE:SUNPHARMA,1709.2,19877.20000000025,1055691.2,3131254.4
WONDERLA HOLIDAYS LTD,200.0,570.55,659.4,NSE,WONDERLA,Neptune-5Paisa,Stocks & ETFs,NSE:WONDERLA,660.95,310.00000000001364,18080.00000000002,132190.0
DR REDDYS LABORATORIES LTD,250.0,466.36,1152.2,NSE,DRREDDY,SMS-SAS,Stocks & ETFs,NSE:DRREDDY,1141.05,-2787.5000000000227,168672.49999999997,285262.5
HINDUSTAN PETROLEUM CORP,2658.0,1.0333333333333332,361.7,NSE,HINDPETRO,SMS-SAS,Stocks & ETFs,NSE:HINDPETRO,359.35,-6246.299999999909,952405.7,955152.3
DCM SHRIRAM LIMITED,2291.0,168.03,1046.5,NSE,DCMSHRIRAM,SMS-SAS,Stocks & ETFs,NSE:DCMSHRIRAM,1071.7,57733.200000000106,2070307.9700000002,2455264.7
7.36% India Infra. Fin. Jan 28,100.0,1000.0,1042.01,BSE,736IIFCL28,SMS-SAS,Traded Bonds,BSE:736IIFCL28,1042.01,0.0,4200.999999999999,104201.0
8.88% Indian Rail Fin. Mar 29,100.0,1292.33,1122.5,BSE,888IRFC29,SMS-SAS,Traded Bonds,BSE:888IRFC29,1122.5,0.0,-16982.999999999993,112250.0
2.50% SOV. GOLD BOND 28 JUL 25,26.0,2834.37,8910.0,BSE,SGBJUL25,SMS-SAS,Traded Bonds,BSE:SGBJUL25,8990.0,2080.0,160046.38,233740.0
AARTI INDUSTRIES LTD,4841.0,189.01706052468495,391.15,NSE,AARTIIND,SMS-Zerodha,Stocks & ETFs,NSE:AARTIIND,392.5,6535.35000000011,985060.9100000001,1900092.5
DCM SHRIRAM LIMITED,240.0,904.6,1046.5,NSE,DCMSHRIRAM,SMS-Zerodha,Stocks & ETFs,NSE:DCMSHRIRAM,1071.7,6048.000000000011,40104.00000000001,257208.0
DEEPAK FERTILIZERS &PETROCHEMI,700.0,772.53,1101.95,NSE,DEEPAKFERT,SMS-Zerodha,Stocks & ETFs,NSE:DEEPAKFERT,1131.3,20544.999999999935,251139.0,791910.0
HEMISPHERE PROPERTIES IND LTD,1000.0,148.39,125.43,NSE,HEMIPROP,SMS-Zerodha,Stocks & ETFs,NSE:HEMIPROP,126.81,1379.9999999999955,-21579.999999999985,126810.0
HINDUSTAN PETROLEUM CORP,11912.0,311.57257387508395,361.7,NSE,HINDPETRO,SMS-Zerodha,Stocks & ETFs,NSE:HINDPETRO,359.35,-27993.199999999593,569124.7000000003,4280577.2
ITC LIMITED,5100.0,232.25259803921568,406.65,NSE,ITC,SMS-Zerodha,Stocks & ETFs,NSE:ITC,409.05,12240.000000000175,901666.7500000001,2086155.0
PIRAMAL ENTERPRISES LIMITED,895.0,831.2748603351955,989.05,NSE,PEL,SMS-Zerodha,Stocks & ETFs,NSE:PEL,994.05,4475.0,145683.74999999997,889674.75
8.71% Rural Elec. Corp. Sep 28,200.0,1131.695,1117.24,BSE,871REC28,SMS-Zerodha,Traded Bonds,BSE:871REC28,1117.24,0.0,-2890.9999999999854,223448.0
RUSHIL DECOR LIMITED,24370.0,34.86,22.38,NSE,RUSHIL,SMS-Zerodha,Stocks & ETFs,NSE:RUSHIL,22.29,-2193.2999999999965,-306330.9,543207.2999999999
SUDARSHAN CHEMICAL INDUS LTD,1200.0,979.7166666666668,1010.0,NSE,SUDARSCHEM,SMS-Zerodha,Stocks & ETFs,NSE:SUDARSCHEM,1007.8,-2640.0000000000546,33699.999999999774,1209360.0
UPL LIMITED PP,59807.0,190.01142190211849,428.55,NSE,UPLPP1-E1,SMS-Zerodha,Stocks & ETFs,NSE:UPLPP1-E1,437.6,541253.3500000007,14807530.090300001,26171543.200000003
UNITED SPIRITS LIMITED,1715.0,555.2548396501458,1406.15,NSE,UNITDSPR,SMS-Zerodha,Stocks & ETFs,NSE:UNITDSPR,1426.35,34642.99999999969,1493928.2,2446190.25
STYRENIX PERFOM. MATERIALS LTD,500.0,1072.188,2648.75,NSE,STYRENIX,SMS-5Paisa,Stocks & ETFs,NSE:STYRENIX,2688.35,19799.999999999956,808080.9999999999,1344175.0
HDFC BANK LIMITED,270.0,1590.9105555555554,1767.85,NSE,HDFCBANK,SMS-5Paisa,Stocks & ETFs,NSE:HDFCBANK,1792.6,6682.5,54456.15,484002.0
PIRAMAL ENTERPRISES LIMITED,535.0,925.05,989.05,NSE,PEL,SMS-5Paisa,Stocks & ETFs,NSE:PEL,994.05,2675.0,36915.0,531816.75
SUN PHARMACEUTICAL INDUSTRIES,1691.0,523.6016262566528,1698.35,NSE,SUNPHARMA,SMS-5Paisa,Stocks & ETFs,NSE:SUNPHARMA,1709.2,18347.35000000023,2004846.8499999999,2890257.2
OCCL LIMITED,500.0,128.7,82.12,NSE,OCCLLTD,SMS-5Paisa,Stocks & ETFs,NSE:OCCLLTD,81.78,-170.0000000000017,-23459.999999999993,40890.0
RELIANCE INDUSTRIES,1004.0,675.975,1252.6,NSE,RELIANCE,SMS-5Paisa,Stocks & ETFs,NSE:RELIANCE,1254.35,1757.0,580688.4999999999,1259367.4
LARSEN AND TOUBRO LIMITED,118.0,950.04,3436.8,NSE,LT,SMS-5Paisa,Stocks & ETFs,NSE:LT,3450.95,1669.699999999957,295107.38,407212.1
OBEROI REALTY LIMITED,1000.0,244.03,1573.95,NSE,OBEROIRLTY,SMS-5Paisa,Stocks & ETFs,NSE:OBEROIRLTY,1605.0,31049.999999999956,1360970.0,1605000.0
POWER FINANCE CORPORATION LTD,1275.0,23.01,404.7,NSE,PFC,SMS-5Paisa,Stocks & ETFs,NSE:PFC,410.35,7203.750000000044,493858.50000000006,523196.25
SUN PHARMA ADVANCED RESEARCH C,157.0,193.39,146.29,NSE,SPARC,SMS-5Paisa,Stocks & ETFs,NSE:SPARC,145.24,-164.84999999999732,-7559.5499999999965,22802.68
WONDERLA HOLIDAYS LTD,400.0,522.15,659.4,NSE,WONDERLA,SMS-5Paisa,Stocks & ETFs,NSE:WONDERLA,661.8,959.9999999999909,55859.99999999999,264720.0
AMBER ENTERPRISES INDIA LTD,7.0,3623.85,6879.55,NSE,AMBER,SMS-Angel,Stocks & ETFs,NSE:AMBER,6950.8,498.75,23288.65,48655.6
BAJAJ FINANCE LIMITED,5.0,7319.8,8698.2,NSE,BAJFINANCE,SMS-Angel,Stocks & ETFs,NSE:BAJFINANCE,8690.85,-36.75000000000182,6855.250000000001,43454.25
BAJAJ HOLDINGS & INVESTMENT LI,3.0,8439.92,11911.45,NSE,BAJAJHLDNG,SMS-Angel,Stocks & ETFs,NSE:BAJAJHLDNG,11621.85,-868.8000000000011,9545.79,34865.55
LAURUS LABS LIMITED,56.0,445.6,598.9,NSE,LAURUSLABS,SMS-Angel,Stocks & ETFs,NSE:LAURUSLABS,608.1,515.2000000000025,9100.0,34053.6
LLOYDS METALS AND ENERGY LIMIT,35.0,714.9,1276.85,NSE,LLOYDSME,SMS-Angel,Stocks & ETFs,NSE:LLOYDSME,1346.3,2430.750000000002,22099.0,47120.5
MUTHOOT FINANCE LIMITED,20.0,1939.9100000000003,2338.8,NSE,MUTHOOTFIN,SMS-Angel,Stocks & ETFs,NSE:MUTHOOTFIN,2312.25,-531.0000000000036,7446.799999999994,46245.0
NARAYANA HRUDAYALAYA LIMITED,30.0,1302.4200000000003,1676.8,NSE,NH,SMS-Angel,Stocks & ETFs,NSE:NH,1678.5,51.000000000001364,11282.39999999999,50355.0
REDINGTON LIMITED,193.0,207.0,229.71,NSE,REDINGTON,SMS-Angel,Stocks & ETFs,NSE:REDINGTON,230.81,212.2999999999989,4595.330000000001,44546.33
TATA MOTORS LIMITED,1.0,781.02,671.85,NSE,TATAMOTORS,SMS-Angel,Stocks & ETFs,NSE:TATAMOTORS,671.5,-0.35000000000002274,-109.51999999999998,671.5
WELSPUN CORP LIMITED,41.0,614.4,848.2,NSE,WELCORP,SMS-Angel,Stocks & ETFs,NSE:WELCORP,852.9,192.6999999999972,9778.5,34968.9
BHARTI AIRTEL LTD,79.0,220.0,1724.15,NSE,BHARTIARTL,SMS-Yes,Stocks & ETFs,NSE:BHARTIARTL,1750.45,2077.699999999996,120905.55,138285.55000000002
NESCO LIMITED,730.0,857.52,936.35,NSE,NESCO,RSS-Incred,Stocks & ETFs,NSE:NESCO,938.9,1861.4999999999668,59407.399999999994,685397.0
UNITED SPIRITS LIMITED,1855.0,1077.5,1406.15,NSE,UNITDSPR,RSS-5Paisa,Stocks & ETFs,NSE:UNITDSPR,1426.4,37563.75,647209.5000000001,2645972.0
KRBL LIMITED,1390.0,31.59,279.25,NSE,KRBL,RSS-5Paisa,Stocks & ETFs,NSE:KRBL,283.4,5768.499999999968,350015.89999999997,393925.99999999994
CIAN AGRO INDUSTRIES INFRA LTD,500.0,395.49,357.5,BSE,CIANAGRO,RSS-ICICI,Stocks & ETFs,BSE:CIANAGRO,375.35,8925.000000000011,-10069.999999999993,187675.0
CP CAPITAL LIMITED,581.0,344.0,429.5,NSE,CPCAP,RSS-ICICI,Stocks & ETFs,NSE:CPCAP,432.75,1888.25,51563.75,251427.75
DEEPAK BUILDERS AND ENG LTD,1190.0,190.8483193277311,141.4,NSE,DBEIL,RSS-ICICI,Stocks & ETFs,NSE:DBEIL,142.21,963.9000000000027,-57879.600000000006,169229.90000000002
DEEPAK FERTILIZERS &PETROCHEMI,155.0,1280.1,1101.95,NSE,DEEPAKFERT,RSS-ICICI,Stocks & ETFs,NSE:DEEPAKFERT,1132.6,4750.749999999979,-22862.5,175553.0
GOCL CORPORATION LIMITED,500.0,389.0,288.9,NSE,GOCLCORP,RSS-ICICI,Stocks & ETFs,NSE:GOCLCORP,287.5,-699.9999999999886,-50750.0,143750.0
GREAT EASTERN SHIPPING CO LTD,1610.0,960.4521739130436,923.25,NSE,GESHIP,RSS-ICICI,Stocks & ETFs,NSE:GESHIP,931.0,12477.5,-47418.00000000014,1498910.0
GUJARAT STATE PETRONET LIMITED,1000.0,290.75,294.05,NSE,GSPL,RSS-ICICI,Stocks & ETFs,NSE:GSPL,292.1,-1949.9999999999886,1350.0000000000227,292100.0
ITC HOTELS LIMITED,510.0,159.95,210.38,NSE,ITCHOTELS,RSS-ICICI,Stocks & ETFs,NSE:ITCHOTELS,204.2,-3151.8000000000034,22567.5,104142.0
ITC LIMITED,230.0,439.1,406.65,NSE,ITC,RSS-ICICI,Stocks & ETFs,NSE:ITC,409.05,552.0000000000078,-6911.500000000003,94081.5
INOX WIND LIMITED,1190.0,167.8,156.73,NSE,INOXWIND,RSS-ICICI,Stocks & ETFs,NSE:INOXWIND,157.62,1059.1000000000176,-12114.200000000008,187567.80000000002
KRBL LIMITED,10358.0,290.44,279.25,NSE,KRBL,RSS-ICICI,Stocks & ETFs,NSE:KRBL,283.1,39878.300000000236,-76027.71999999974,2932349.8000000003
KARNATAKA BANK LTD,5500.0,204.6,179.2,NSE,KTKBANK,RSS-ICICI,Stocks & ETFs,NSE:KTKBANK,179.5,1650.0000000000625,-138049.99999999997,987250.0
RASHI PERIPHERALS LIMITED,540.0,369.85,304.75,NSE,RPTECH,RSS-ICICI,Stocks & ETFs,NSE:RPTECH,296.0,-4725.0,-39879.000000000015,159840.0
REPCO HOME FINANCE LIMITED,505.0,398.89,340.25,NSE,REPCOHOME,RSS-ICICI,Stocks & ETFs,NSE:REPCOHOME,341.75,757.5,-28855.699999999993,172583.75
SAMMAAN CAPITAL LIMITED,1355.0,147.45,111.93,NSE,SAMMAANCAP,RSS-ICICI,Stocks & ETFs,NSE:SAMMAANCAP,110.3,-2208.6500000000133,-50338.249999999985,149456.5
SANGHVI MOVERS LIMITED,4000.0,296.525,254.74,NSE,SANGHVIMOV,RSS-ICICI,Stocks & ETFs,NSE:SANGHVIMOV,253.9,-3360.0000000000136,-170499.99999999988,1015600.0
STEEL STRIPS WHEELS LTD,1000.0,203.8,187.71,NSE,SSWL,RSS-ICICI,Stocks & ETFs,NSE:SSWL,192.5,4789.999999999992,-11300.000000000011,192500.0
STYRENIX PERFOM. MATERIALS LTD,100.0,2604.87,2648.75,NSE,STYRENIX,RSS-ICICI,Stocks & ETFs,NSE:STYRENIX,2688.35,3959.999999999991,8348.000000000002,268835.0
WELSPUN LIVING LIMITED,1000.0,159.73,131.75,NSE,WELSPUNLIV,RSS-ICICI,Stocks & ETFs,NSE:WELSPUNLIV,132.41,659.9999999999966,-27319.999999999993,132410.0
BALKRISHNA INDUSTRIES LTD,3225.0,395.48,2523.55,NSE,BALKRISIND,RSS-JB,Stocks & ETFs,NSE:BALKRISIND,2546.1,72723.74999999913,6935749.5,8211172.5
COAL INDIA LIMITED,22000.0,260.25,397.65,NSE,COALINDIA,RSS-JB,Stocks & ETFs,NSE:COALINDIA,396.45,-26399.99999999975,2996399.9999999995,8721900.0
NESCO LIMITED,9999.0,595.8,936.35,NSE,NESCO,RSS-JB,Stocks & ETFs,NSE:NESCO,938.9,25497.449999999546,3430656.9000000004,9388061.1
P I INDUSTRIES LTD,1951.0,431.15,3450.4,NSE,PIIND,RSS-JB,Stocks & ETFs,NSE:PIIND,3439.85,-20583.050000000356,5869973.699999999,6711147.35
HDFC BANK LIMITED,2.0,1093.42,1767.85,NSE,HDFCBANK,HUF-Zerodha,Stocks & ETFs,NSE:HDFCBANK,1792.6,49.5,1398.3599999999997,3585.2
ITC LIMITED,10515.0,229.2962139800285,406.65,NSE,ITC,HUF-Zerodha,Stocks & ETFs,NSE:ITC,409.05,25236.00000000036,1890111.0600000003,4301160.75
KRBL LIMITED,143.0,415.05,279.25,NSE,KRBL,HUF-Zerodha,Stocks & ETFs,NSE:KRBL,283.1,550.5500000000033,-18868.85,40483.3
LARSEN AND TOUBRO LIMITED,1000.0,1040.67878,3436.8,NSE,LT,HUF-Zerodha,Stocks & ETFs,NSE:LT,3457.0,20199.999999999818,2416321.2199999997,3457000.0
LAURUS LABS LIMITED,92.0,646.3070652173913,598.9,NSE,LAURUSLABS,HUF-Zerodha,Stocks & ETFs,NSE:LAURUSLABS,608.1,846.4000000000042,-3515.0499999999934,55945.200000000004
NESCO LIMITED,1800.0,569.1,936.35,NSE,NESCO,HUF-Zerodha,Stocks & ETFs,NSE:NESCO,938.9,4589.999999999918,665639.9999999999,1690020.0
TATA CONSULTANCY SERVICES LTD,2.0,3668.87,3550.8,NSE,TCS,HUF-Zerodha,Stocks & ETFs,NSE:TCS,3547.2,-7.200000000000728,-243.34000000000015,7094.4
TATA POWER CO LTD,15000.0,49.61,374.75,NSE,TATAPOWER,HUF-Zerodha,Stocks & ETFs,NSE:TATAPOWER,376.8,30750.00000000017,4907850.0,5652000.0
ECLERX SERVICES LIMITED,11.0,0.0,2737.6,NSE,ECLERX,Star-Trading,Stocks & ETFs,NSE:ECLERX,2735.75,-20.349999999999,30093.25,30093.25
RELIGARE ENTERPRISES LTD,4000.0,226.5,228.2,NSE,RELIGARE,Star-Zerodha,Stocks & ETFs,NSE:RELIGARE,231.39,12759.99999999999,19559.999999999945,925560.0
STYRENIX PERFOM. MATERIALS LTD,100.0,1310.0,2648.75,NSE,STYRENIX,Star-Zerodha,Stocks & ETFs,NSE:STYRENIX,2688.35,3959.999999999991,137835.0,268835.0
BALKRISHNA INDUSTRIES LTD,200.0,2295.3,2523.55,NSE,BALKRISIND,Star-Zerodha,Stocks & ETFs,NSE:BALKRISIND,2546.1,4509.999999999945,50159.99999999994,509220.0
HINDUSTAN PETROLEUM CORP,6802.0,279.853903263746,361.7,NSE,HINDPETRO,Star-Zerodha,Stocks & ETFs,NSE:HINDPETRO,359.4,-15644.600000000077,541072.5499999995,2444638.8
ITC LIMITED,5150.0,206.23648155339808,406.65,NSE,ITC,Star-Zerodha,Stocks & ETFs,NSE:ITC,409.1,12617.500000000235,1044747.12,2106865.0
KRBL LIMITED,7500.0,310.16,279.25,NSE,KRBL,Star-Zerodha,Stocks & ETFs,NSE:KRBL,283.1,28875.00000000017,-202950.00000000003,2123250.0
NESCO LIMITED,200.0,865.0,936.35,NSE,NESCO,Star-Zerodha,Stocks & ETFs,NSE:NESCO,938.9,509.9999999999909,14779.999999999996,187780.0
SANGHVI MOVERS LIMITED,2500.0,330.55,254.74,NSE,SANGHVIMOV,Star-Zerodha,Stocks & ETFs,NSE:SANGHVIMOV,253.9,-2100.0000000000086,-191625.0,634750.0
SARDA ENERGY & MINERALS LTD,1500.0,224.25,528.05,NSE,SARDAEN,Star-Zerodha,Stocks & ETFs,NSE:SARDAEN,534.45,9600.000000000136,465300.00000000006,801675.0000000001
TATA CONSULTANCY SERVICES LTD,99.0,3609.5,3550.8,NSE,TCS,Star-Zerodha,Stocks & ETFs,NSE:TCS,3547.2,-356.400000000036,-6167.700000000018,351172.8
UPL LIMITED,1500.0,497.05,634.75,NSE,UPL,Star-Zerodha,Stocks & ETFs,NSE:UPL,645.7,16425.00000000007,222975.00000000006,968550.0000000001
UNITED SPIRITS LIMITED,1625.0,585.87,1406.15,NSE,UNITDSPR,Star-Zerodha,Stocks & ETFs,NSE:UNITDSPR,1427.0,33881.249999999854,1366836.25,2318875.0
SUN PHARMACEUTICAL INDUSTRIES,591.0,1170.85,1698.35,NSE,SUNPHARMA,Star-Zerodha,Stocks & ETFs,NSE:SUNPHARMA,1709.15,6382.8000000001075,318135.3000000001,1010107.65
KENNAMETAL INDIA LIMTIED,20.0,2542.32,2476.1,NSE,KENNAMET,Neptune-Zerodha,Stocks & ETFs,NSE:KENNAMET,2476.1,0.0,-1324.400000000005,49522.0
ODIGMA CONSULTANCY SOLN LTD,27.0,1.26,39.73,NSE,ODIGMA,Neptune-Zerodha,Stocks & ETFs,NSE:ODIGMA,41.71,53.46000000000011,1092.15,1126.17
BHARTI AIRTEL EQ PP RS 1.25,3367.0,1188.46,1284.95,NSE,AIRTELPP,RSS-Zerodha,Stocks & ETFs,NSE:AIRTELPP,1312.6,93097.54999999954,417979.3799999996,4419524.199999999
8.1% Indian Rail Fin. Feb 27,400.0,969.87,1085.0,NSE,810IRFC27,RSS-Zerodha,Traded Bonds,NSE:810IRFC27,1088.0,1200.0,47252.0,435200.0
7.34% Indian Rail Fin. Feb 28,200.0,912.68,1071.0,NSE,734IRFC28,RSS-Zerodha,Traded Bonds,NSE:734IRFC28,1071.0,0.0,31664.00000000001,214200.0
7.04% Indian Rail Fin. Mar 28,36.0,912.69,1055.1,NSE,704IRFC28,RSS-Zerodha,Traded Bonds,NSE:704IRFC28,1055.1,0.0,5126.759999999995,37983.6
INFOLLION RESEARCH SERVICE LTD,14400.0,178.80277777777778,471.75,NSE,INFOLLION,RSS-Zerodha,Stocks & ETFs,NSE:INFOLLION,474.95,46079.99999999984,4264520.0,6839280.0
8.75% National Highway Feb 29,150.0,987.4,1133.61,NSE,875NHAI29,RSS-Zerodha,Traded Bonds,NSE:875NHAI29,1135.01,210.00000000001364,22141.500000000004,170251.5
8.3% Power Fin. Corp. Feb 27,100.0,981.85,1081.0,NSE,830PFCL27,RSS-Zerodha,Traded Bonds,NSE:830PFCL27,1081.0,0.0,9914.999999999998,108100.0
2.50% SOV. GOLD BOND 12 MAY 25,60.0,2901.0,8950.44,NSE,SGBMAY25,RSS-Zerodha,Traded Bonds,NSE:SGBMAY25,8974.96,1471.199999999917,364437.6,538497.6
INFOLLION RESEARCH SERVICE LTD,400.0,369.0,471.75,NSE,INFOLLION,Samrup-Zerodha,Stocks & ETFs,NSE:INFOLLION,474.95,1279.9999999999955,42379.99999999999,189980.0
8.1% Indian Rail Fin. Feb 27,100.0,1165.16,1085.0,NSE,810IRFC27,SMS-SAS,Traded Bonds,NSE:810IRFC27,1088.0,300.0,-7716.000000000008,108800.0
7.34% Indian Rail Fin. Feb 28,252.0,1092.35,1071.0,NSE,734IRFC28,SMS-SAS,Traded Bonds,NSE:734IRFC28,1071.0,0.0,-5380.199999999977,269892.0
BHARTI AIRTEL EQ PP RS 1.25,908.0,1189.23,1284.95,NSE,AIRTELPP,SMS-Zerodha,Stocks & ETFs,NSE:AIRTELPP,1312.45,24970.0,111883.76000000002,1191704.6
8.75% National Highway Feb 29,600.0,1215.83,1133.61,NSE,875NHAI29,SMS-Zerodha,Traded Bonds,NSE:875NHAI29,1135.01,840.0000000000546,-48491.99999999996,681006.0
BHARTI AIRTEL EQ PP RS 1.25,6.0,133.75,1284.95,NSE,AIRTELPP,SMS-Yes,Stocks & ETFs,NSE:AIRTELPP,1312.45,165.0,7072.200000000001,7874.700000000001
KOTYARK INDUSTRIES LIMITED,400.0,450.29,326.15,NSE,KOTYARK,RSS-ICICI,Stocks & ETFs,NSE:KOTYARK,342.45,6520.000000000005,-43136.000000000015,136980.0
Axis Liquid Fund - Direct Plan - Growth Option,3990.423,2631.168153681351,2881.9691,,,Galaxy-5Paisa,Mutual Funds (Debt),,2884.1429,8674.381517400112,1009476.2461291007,11508950.163446698
Axis Liquid Fund - Direct Plan - Growth Option,6625.005,2687.7,2881.9691,,,Galaxy-Zerodha,Mutual Funds (Debt),,2884.1429,14401.435869000188,1301435.1947145,19107461.1332145
Axis Liquid Fund - Direct Plan - Growth Option,1154.616,2628.58,2881.9691,,,Neptune-Zerodha,Mutual Funds (Debt),,2884.1429,2509.9042608000327,295077.0133463999,3330077.5386264
ICICI Prudential Liquid Fund - Growth,22840.694,350.86,383.6815,,,Neptune-Zerodha,Mutual Funds (Debt),,383.9667,6514.165928799424,756180.0040497998,8770065.900889799
ICICI Prudential Liquid Fund - Growth,17254.689,370.89442552340415,383.6815,,,RSS-Zerodha,Mutual Funds (Debt),,383.9667,4921.037302799565,225558.03061629916,6625225.9948563
AXIS OVERNIGHT FUND - DIRECT PLAN - GROWTH,10467.81,1117.6608097243168,1350.3465,,,Samrup-Zerodha,Mutual Funds (Debt),,1351.4083,11114.720657999458,2446824.3161827,14146285.316823
Axis Small Cap Fund - Direct Plan - Growth,15817.903,69.53797605915271,110.09,,,Samrup-Zerodha,Mutual Funds,,109.25,-13287.038520000055,628160.9426300002,1728105.9027500001
ICICI Prudential Overnight Fund Growth,5.4569682106375694e-12,111.2364,1375.1328,,,Samrup-Zerodha,Mutual Funds (Debt),,1376.1992,5.819310899823525e-12,6.902861787239089e-09,7.509875285904855e-09
Parag Parikh Flexi Cap Fund - Direct Plan - Growth,21166.963,51.96517626358113,86.9378,,,Samrup-Zerodha,Mutual Funds,,84.9643,-41773.00148050003,698491.2311611999,1798436.1944209
Axis Liquid Fund - Direct Plan - Growth Option,4060.583,2635.2050062525755,2881.9691,,,Neptune-5Paisa,Mutual Funds (Debt),,2884.1429,8826.895325400115,1010832.9794065977,11711301.6293107
ICICI Prudential Nifty 50 Index Fund - Direct Plan - Growth,1.0,2286.93,245.0133,,,SMS-Zerodha,Mutual Funds,,241.3298,-3.683499999999981,-2045.6001999999999,241.3298
Principal Personal Tax Saver Fund,84.052,89.23,470.4682,,,SMS-Zerodha,Mutual Funds,,464.1576,-530.418551200002,31513.414635200003,39013.3745952
ICICI Prudential Overnight Fund Growth,0.809,1236.0939,1375.1328,,,SMS-Angel,Mutual Funds (Debt),,1376.1992,0.8627175999999438,113.34518769999995,1113.3451528
AXIS OVERNIGHT FUND - DIRECT PLAN - GROWTH,1.1368683772161605e-13,1162.6465,1350.3465,,,HUF-Zerodha,Mutual Funds (Debt),,1351.4083,1.2071268429280605e-13,2.1459732124640143e-11,1.5363733609774502e-10
ICICI Prudential Liquid Fund - Growth,19186.411,370.035175074171,383.6815,,,HUF-Zerodha,Mutual Funds (Debt),,383.9667,5471.964417199517,267295.96308370016,7366942.9165137
ICICI Prudential Overnight Fund Growth,12539.266200000004,1080.8675978284914,1375.1328,,,HUF-Zerodha,Mutual Funds (Debt),,1376.1992,13371.873475679133,3703241.5769010456,17256528.113027044
UTI- Liquid Cash Plan - Direct Plan - Growth Option,1.1368683772161605e-13,3641.6945,4248.8454,,,Star-Trading,Mutual Funds (Debt),,4251.9802,3.5638549888970086e-13,6.938145133972285e-11,4.833941829929246e-10
Axis Liquid Fund - Direct Plan - Growth Option,3990.952,2630.818908312704,2881.9691,,,Star-Zerodha,Mutual Funds (Debt),,2884.1429,8675.531457600113,1011003.8912723967,11510475.8750408
